ISO-10303-21;
HEADER;
/* Generated by software containing ST-Developer
 * from STEP Tools, Inc. (www.steptools.com) 
 */

FILE_DESCRIPTION(
/* description */ (''),
/* implementation_level */ '2;1');

FILE_NAME(
/* name */ '',
/* time_stamp */ '2026-08-13T17:26:01+08:00',
/* author */ ('16470'),
/* organization */ (''),
/* preprocessor_version */ 'ST-DEVELOPER v20.1',
/* originating_system */ 'Autodesk Inventor 2027',
/* authorisation */ '');

FILE_SCHEMA (('AUTOMOTIVE_DESIGN { 1 0 10303 214 3 1 1 }'));
ENDSEC;

DATA;
#10=MECHANICAL_DESIGN_GEOMETRIC_PRESENTATION_REPRESENTATION('',(#93,#94,
#95,#96,#97,#98,#99,#100,#101,#102,#103,#104,#105),#2225);
#11=ITEM_DEFINED_TRANSFORMATION($,$,#1261,#1388);
#12=ITEM_DEFINED_TRANSFORMATION($,$,#1280,#1389);
#13=ITEM_DEFINED_TRANSFORMATION($,$,#1290,#1390);
#14=ITEM_DEFINED_TRANSFORMATION($,$,#1301,#1391);
#15=ITEM_DEFINED_TRANSFORMATION($,$,#1307,#1392);
#16=ITEM_DEFINED_TRANSFORMATION($,$,#1317,#1393);
#17=ITEM_DEFINED_TRANSFORMATION($,$,#1327,#1394);
#18=ITEM_DEFINED_TRANSFORMATION($,$,#1337,#1395);
#19=ITEM_DEFINED_TRANSFORMATION($,$,#1348,#1396);
#20=ITEM_DEFINED_TRANSFORMATION($,$,#1359,#1397);
#21=ITEM_DEFINED_TRANSFORMATION($,$,#1370,#1398);
#22=ITEM_DEFINED_TRANSFORMATION($,$,#1376,#1399);
#23=ITEM_DEFINED_TRANSFORMATION($,$,#1382,#1400);
#24=(
REPRESENTATION_RELATIONSHIP($,$,#2272,#2271)
REPRESENTATION_RELATIONSHIP_WITH_TRANSFORMATION(#11)
SHAPE_REPRESENTATION_RELATIONSHIP()
);
#25=(
REPRESENTATION_RELATIONSHIP($,$,#2273,#2271)
REPRESENTATION_RELATIONSHIP_WITH_TRANSFORMATION(#12)
SHAPE_REPRESENTATION_RELATIONSHIP()
);
#26=(
REPRESENTATION_RELATIONSHIP($,$,#2274,#2271)
REPRESENTATION_RELATIONSHIP_WITH_TRANSFORMATION(#13)
SHAPE_REPRESENTATION_RELATIONSHIP()
);
#27=(
REPRESENTATION_RELATIONSHIP($,$,#2275,#2271)
REPRESENTATION_RELATIONSHIP_WITH_TRANSFORMATION(#14)
SHAPE_REPRESENTATION_RELATIONSHIP()
);
#28=(
REPRESENTATION_RELATIONSHIP($,$,#2276,#2271)
REPRESENTATION_RELATIONSHIP_WITH_TRANSFORMATION(#15)
SHAPE_REPRESENTATION_RELATIONSHIP()
);
#29=(
REPRESENTATION_RELATIONSHIP($,$,#2277,#2271)
REPRESENTATION_RELATIONSHIP_WITH_TRANSFORMATION(#16)
SHAPE_REPRESENTATION_RELATIONSHIP()
);
#30=(
REPRESENTATION_RELATIONSHIP($,$,#2278,#2271)
REPRESENTATION_RELATIONSHIP_WITH_TRANSFORMATION(#17)
SHAPE_REPRESENTATION_RELATIONSHIP()
);
#31=(
REPRESENTATION_RELATIONSHIP($,$,#2279,#2271)
REPRESENTATION_RELATIONSHIP_WITH_TRANSFORMATION(#18)
SHAPE_REPRESENTATION_RELATIONSHIP()
);
#32=(
REPRESENTATION_RELATIONSHIP($,$,#2280,#2271)
REPRESENTATION_RELATIONSHIP_WITH_TRANSFORMATION(#19)
SHAPE_REPRESENTATION_RELATIONSHIP()
);
#33=(
REPRESENTATION_RELATIONSHIP($,$,#2281,#2271)
REPRESENTATION_RELATIONSHIP_WITH_TRANSFORMATION(#20)
SHAPE_REPRESENTATION_RELATIONSHIP()
);
#34=(
REPRESENTATION_RELATIONSHIP($,$,#2282,#2271)
REPRESENTATION_RELATIONSHIP_WITH_TRANSFORMATION(#21)
SHAPE_REPRESENTATION_RELATIONSHIP()
);
#35=(
REPRESENTATION_RELATIONSHIP($,$,#2283,#2271)
REPRESENTATION_RELATIONSHIP_WITH_TRANSFORMATION(#22)
SHAPE_REPRESENTATION_RELATIONSHIP()
);
#36=(
REPRESENTATION_RELATIONSHIP($,$,#2284,#2271)
REPRESENTATION_RELATIONSHIP_WITH_TRANSFORMATION(#23)
SHAPE_REPRESENTATION_RELATIONSHIP()
);
#37=CONTEXT_DEPENDENT_SHAPE_REPRESENTATION(#24,#2258);
#38=CONTEXT_DEPENDENT_SHAPE_REPRESENTATION(#25,#2259);
#39=CONTEXT_DEPENDENT_SHAPE_REPRESENTATION(#26,#2260);
#40=CONTEXT_DEPENDENT_SHAPE_REPRESENTATION(#27,#2261);
#41=CONTEXT_DEPENDENT_SHAPE_REPRESENTATION(#28,#2262);
#42=CONTEXT_DEPENDENT_SHAPE_REPRESENTATION(#29,#2263);
#43=CONTEXT_DEPENDENT_SHAPE_REPRESENTATION(#30,#2264);
#44=CONTEXT_DEPENDENT_SHAPE_REPRESENTATION(#31,#2265);
#45=CONTEXT_DEPENDENT_SHAPE_REPRESENTATION(#32,#2266);
#46=CONTEXT_DEPENDENT_SHAPE_REPRESENTATION(#33,#2267);
#47=CONTEXT_DEPENDENT_SHAPE_REPRESENTATION(#34,#2268);
#48=CONTEXT_DEPENDENT_SHAPE_REPRESENTATION(#35,#2269);
#49=CONTEXT_DEPENDENT_SHAPE_REPRESENTATION(#36,#2270);
#50=NEXT_ASSEMBLY_USAGE_OCCURRENCE('\X2\5B9E4F53\X0\1:1','\X2\5B9E4F53\X0\1
:1','\X2\5B9E4F53\X0\1:1',#2286,#2287,'\X2\5B9E4F53\X0\1:1');
#51=NEXT_ASSEMBLY_USAGE_OCCURRENCE('\X2\5B9E4F53\X0\2:1','\X2\5B9E4F53\X0\2
:1','\X2\5B9E4F53\X0\2:1',#2286,#2288,'\X2\5B9E4F53\X0\2:1');
#52=NEXT_ASSEMBLY_USAGE_OCCURRENCE('\X2\5B9E4F53\X0\3:1','\X2\5B9E4F53\X0\3
:1','\X2\5B9E4F53\X0\3:1',#2286,#2289,'\X2\5B9E4F53\X0\3:1');
#53=NEXT_ASSEMBLY_USAGE_OCCURRENCE('\X2\5B9E4F53\X0\4:1','\X2\5B9E4F53\X0\4
:1','\X2\5B9E4F53\X0\4:1',#2286,#2290,'\X2\5B9E4F53\X0\4:1');
#54=NEXT_ASSEMBLY_USAGE_OCCURRENCE('\X2\5B9E4F53\X0\5:1','\X2\5B9E4F53\X0\5
:1','\X2\5B9E4F53\X0\5:1',#2286,#2291,'\X2\5B9E4F53\X0\5:1');
#55=NEXT_ASSEMBLY_USAGE_OCCURRENCE('\X2\5B9E4F53\X0\8:1','\X2\5B9E4F53\X0\8
:1','\X2\5B9E4F53\X0\8:1',#2286,#2292,'\X2\5B9E4F53\X0\8:1');
#56=NEXT_ASSEMBLY_USAGE_OCCURRENCE('\X2\5B9E4F53\X0\11:1','\X2\5B9E4F53\X0\1
1:1','\X2\5B9E4F53\X0\11:1',#2286,#2293,'\X2\5B9E4F53\X0\11:1');
#57=NEXT_ASSEMBLY_USAGE_OCCURRENCE('\X2\5B9E4F53\X0\6:1','\X2\5B9E4F53\X0\6
:1','\X2\5B9E4F53\X0\6:1',#2286,#2294,'\X2\5B9E4F53\X0\6:1');
#58=NEXT_ASSEMBLY_USAGE_OCCURRENCE('\X2\5B9E4F53\X0\9:1','\X2\5B9E4F53\X0\9
:1','\X2\5B9E4F53\X0\9:1',#2286,#2295,'\X2\5B9E4F53\X0\9:1');
#59=NEXT_ASSEMBLY_USAGE_OCCURRENCE('\X2\5B9E4F53\X0\12:1','\X2\5B9E4F53\X0\1
2:1','\X2\5B9E4F53\X0\12:1',#2286,#2296,'\X2\5B9E4F53\X0\12:1');
#60=NEXT_ASSEMBLY_USAGE_OCCURRENCE('\X2\5B9E4F53\X0\7:1','\X2\5B9E4F53\X0\7
:1','\X2\5B9E4F53\X0\7:1',#2286,#2297,'\X2\5B9E4F53\X0\7:1');
#61=NEXT_ASSEMBLY_USAGE_OCCURRENCE('\X2\5B9E4F53\X0\10:1','\X2\5B9E4F53\X0\1
0:1','\X2\5B9E4F53\X0\10:1',#2286,#2298,'\X2\5B9E4F53\X0\10:1');
#62=NEXT_ASSEMBLY_USAGE_OCCURRENCE('\X2\5B9E4F53\X0\13:1','\X2\5B9E4F53\X0\1
3:1','\X2\5B9E4F53\X0\13:1',#2286,#2299,'\X2\5B9E4F53\X0\13:1');
#63=B_SPLINE_CURVE_WITH_KNOTS('',3,(#1812,#1813,#1814,#1815,#1816,#1817,
#1818,#1819,#1820,#1821,#1822,#1823,#1824,#1825,#1826,#1827,#1828,#1829,
#1830,#1831,#1832,#1833,#1834,#1835,#1836,#1837,#1838,#1839,#1840,#1841,
#1842,#1843,#1844,#1845,#1846,#1847,#1848,#1849,#1850),.UNSPECIFIED.,.F.,
 .F.,(4,2,2,2,2,2,2,2,2,2,2,2,2,2,2,3,2,2,4),(3.51061269390716,3.99770333790758,
4.2833785826645,4.56905382742141,4.85472907217832,5.14040431693524,5.71175480644906,
6.28266777379059,6.56812425746135,6.85358074113211,7.13903722480288,7.42449370847364,
7.99540667581517,8.56675716532899,8.85243241008591,9.13810765484282,9.42378289959973,
9.70945814435665,10.1965487883571),.UNSPECIFIED.);
#64=B_SPLINE_CURVE_WITH_KNOTS('',3,(#1907,#1908,#1909,#1910,#1911,#1912,
#1913,#1914,#1915,#1916,#1917,#1918,#1919,#1920,#1921,#1922,#1923,#1924,
#1925,#1926,#1927,#1928,#1929,#1930,#1931,#1932,#1933,#1934,#1935,#1936,
#1937,#1938,#1939,#1940,#1941,#1942,#1943,#1944,#1945),.UNSPECIFIED.,.F.,
 .F.,(4,2,2,2,2,2,2,2,2,2,2,2,2,2,2,3,2,2,4),(3.51061269390716,3.99770333790758,
4.2833785826645,4.56905382742141,4.85472907217832,5.14040431693524,5.71175480644906,
6.28266777379059,6.56812425746135,6.85358074113211,7.13903722480288,7.42449370847364,
7.99540667581517,8.56675716532899,8.85243241008591,9.13810765484282,9.42378289959973,
9.70945814435665,10.1965487883571),.UNSPECIFIED.);
#65=B_SPLINE_CURVE_WITH_KNOTS('',3,(#1966,#1967,#1968,#1969,#1970,#1971,
#1972,#1973,#1974,#1975,#1976,#1977,#1978,#1979,#1980,#1981,#1982,#1983,
#1984,#1985,#1986,#1987,#1988,#1989,#1990,#1991,#1992,#1993,#1994,#1995,
#1996,#1997,#1998,#1999,#2000,#2001,#2002,#2003,#2004),.UNSPECIFIED.,.F.,
 .F.,(4,2,2,2,2,2,2,2,2,2,2,2,2,2,2,3,2,2,4),(3.51061269390716,3.99770333790758,
4.2833785826645,4.56905382742141,4.85472907217832,5.14040431693524,5.71175480644906,
6.28266777379059,6.56812425746135,6.85358074113211,7.13903722480288,7.42449370847364,
7.99540667581517,8.56675716532899,8.85243241008591,9.13810765484282,9.42378289959973,
9.70945814435665,10.1965487883571),.UNSPECIFIED.);
#66=B_SPLINE_CURVE_WITH_KNOTS('',3,(#2025,#2026,#2027,#2028,#2029,#2030,
#2031,#2032,#2033,#2034,#2035,#2036,#2037,#2038,#2039,#2040,#2041,#2042,
#2043,#2044,#2045,#2046,#2047,#2048,#2049,#2050,#2051,#2052,#2053,#2054,
#2055,#2056,#2057,#2058,#2059,#2060,#2061,#2062,#2063),.UNSPECIFIED.,.F.,
 .F.,(4,2,2,2,2,2,2,2,2,2,2,2,2,2,2,3,2,2,4),(3.51061269390716,3.99770333790758,
4.2833785826645,4.56905382742141,4.85472907217832,5.14040431693524,5.71175480644906,
6.28266777379059,6.56812425746135,6.85358074113211,7.13903722480288,7.42449370847364,
7.99540667581517,8.56675716532899,8.85243241008591,9.13810765484282,9.42378289959973,
9.70945814435665,10.1965487883571),.UNSPECIFIED.);
#67=SHAPE_REPRESENTATION_RELATIONSHIP('SRR','None',#2272,#80);
#68=SHAPE_REPRESENTATION_RELATIONSHIP('SRR','None',#2273,#81);
#69=SHAPE_REPRESENTATION_RELATIONSHIP('SRR','None',#2274,#82);
#70=SHAPE_REPRESENTATION_RELATIONSHIP('SRR','None',#2275,#83);
#71=SHAPE_REPRESENTATION_RELATIONSHIP('SRR','None',#2276,#84);
#72=SHAPE_REPRESENTATION_RELATIONSHIP('SRR','None',#2277,#85);
#73=SHAPE_REPRESENTATION_RELATIONSHIP('SRR','None',#2278,#86);
#74=SHAPE_REPRESENTATION_RELATIONSHIP('SRR','None',#2279,#87);
#75=SHAPE_REPRESENTATION_RELATIONSHIP('SRR','None',#2280,#88);
#76=SHAPE_REPRESENTATION_RELATIONSHIP('SRR','None',#2281,#89);
#77=SHAPE_REPRESENTATION_RELATIONSHIP('SRR','None',#2282,#90);
#78=SHAPE_REPRESENTATION_RELATIONSHIP('SRR','None',#2283,#91);
#79=SHAPE_REPRESENTATION_RELATIONSHIP('SRR','None',#2284,#92);
#80=ADVANCED_BREP_SHAPE_REPRESENTATION('',(#106),#2212);
#81=ADVANCED_BREP_SHAPE_REPRESENTATION('',(#107),#2213);
#82=ADVANCED_BREP_SHAPE_REPRESENTATION('',(#108),#2214);
#83=ADVANCED_BREP_SHAPE_REPRESENTATION('',(#109),#2215);
#84=ADVANCED_BREP_SHAPE_REPRESENTATION('',(#110),#2216);
#85=ADVANCED_BREP_SHAPE_REPRESENTATION('',(#111),#2217);
#86=ADVANCED_BREP_SHAPE_REPRESENTATION('',(#112),#2218);
#87=ADVANCED_BREP_SHAPE_REPRESENTATION('',(#113),#2219);
#88=ADVANCED_BREP_SHAPE_REPRESENTATION('',(#114),#2220);
#89=ADVANCED_BREP_SHAPE_REPRESENTATION('',(#115),#2221);
#90=ADVANCED_BREP_SHAPE_REPRESENTATION('',(#116),#2222);
#91=ADVANCED_BREP_SHAPE_REPRESENTATION('',(#117),#2223);
#92=ADVANCED_BREP_SHAPE_REPRESENTATION('',(#118),#2224);
#93=STYLED_ITEM('',(#1167),#106);
#94=STYLED_ITEM('',(#1167),#107);
#95=STYLED_ITEM('',(#1167),#108);
#96=STYLED_ITEM('',(#1167),#109);
#97=STYLED_ITEM('',(#1167),#110);
#98=STYLED_ITEM('',(#1167),#111);
#99=STYLED_ITEM('',(#1167),#112);
#100=STYLED_ITEM('',(#1167),#113);
#101=STYLED_ITEM('',(#1167),#114);
#102=STYLED_ITEM('',(#1167),#115);
#103=STYLED_ITEM('',(#1167),#116);
#104=STYLED_ITEM('',(#1167),#117);
#105=STYLED_ITEM('',(#1167),#118);
#106=MANIFOLD_SOLID_BREP('\X2\5B9E4F53\X0\1',#1007);
#107=MANIFOLD_SOLID_BREP('\X2\5B9E4F53\X0\2',#1008);
#108=MANIFOLD_SOLID_BREP('\X2\5B9E4F53\X0\3',#1009);
#109=MANIFOLD_SOLID_BREP('\X2\5B9E4F53\X0\4',#1010);
#110=MANIFOLD_SOLID_BREP('\X2\5B9E4F53\X0\5',#1011);
#111=MANIFOLD_SOLID_BREP('\X2\5B9E4F53\X0\8',#1012);
#112=MANIFOLD_SOLID_BREP('\X2\5B9E4F53\X0\11',#1013);
#113=MANIFOLD_SOLID_BREP('\X2\5B9E4F53\X0\6',#1014);
#114=MANIFOLD_SOLID_BREP('\X2\5B9E4F53\X0\9',#1015);
#115=MANIFOLD_SOLID_BREP('\X2\5B9E4F53\X0\12',#1016);
#116=MANIFOLD_SOLID_BREP('\X2\5B9E4F53\X0\7',#1017);
#117=MANIFOLD_SOLID_BREP('\X2\5B9E4F53\X0\10',#1018);
#118=MANIFOLD_SOLID_BREP('\X2\5B9E4F53\X0\13',#1019);
#119=CIRCLE('',#1264,60.);
#120=CIRCLE('',#1265,60.);
#121=CIRCLE('',#1268,60.);
#122=CIRCLE('',#1269,60.);
#123=CIRCLE('',#1272,60.);
#124=CIRCLE('',#1273,60.);
#125=CIRCLE('',#1276,60.);
#126=CIRCLE('',#1277,60.);
#127=CIRCLE('',#1282,15.);
#128=CIRCLE('',#1285,40.);
#129=CIRCLE('',#1286,40.);
#130=CIRCLE('',#1288,40.);
#131=CIRCLE('',#1292,15.);
#132=CIRCLE('',#1293,15.);
#133=CIRCLE('',#1296,15.);
#134=CIRCLE('',#1297,15.);
#135=CIRCLE('',#1303,100.);
#136=CIRCLE('',#1304,100.);
#137=CIRCLE('',#1309,15.);
#138=CIRCLE('',#1312,40.);
#139=CIRCLE('',#1313,40.);
#140=CIRCLE('',#1315,40.);
#141=CIRCLE('',#1319,15.);
#142=CIRCLE('',#1322,40.);
#143=CIRCLE('',#1323,40.);
#144=CIRCLE('',#1325,40.);
#145=CIRCLE('',#1329,15.);
#146=CIRCLE('',#1332,40.);
#147=CIRCLE('',#1333,40.);
#148=CIRCLE('',#1335,40.);
#149=CIRCLE('',#1339,15.);
#150=CIRCLE('',#1340,15.);
#151=CIRCLE('',#1343,15.);
#152=CIRCLE('',#1344,15.);
#153=CIRCLE('',#1350,15.);
#154=CIRCLE('',#1351,15.);
#155=CIRCLE('',#1354,15.);
#156=CIRCLE('',#1355,15.);
#157=CIRCLE('',#1361,15.);
#158=CIRCLE('',#1362,15.);
#159=CIRCLE('',#1365,15.);
#160=CIRCLE('',#1366,15.);
#161=CIRCLE('',#1372,100.);
#162=CIRCLE('',#1373,100.);
#163=CIRCLE('',#1378,100.);
#164=CIRCLE('',#1379,100.);
#165=CIRCLE('',#1384,100.);
#166=CIRCLE('',#1385,100.);
#167=CYLINDRICAL_SURFACE('',#1263,60.);
#168=CYLINDRICAL_SURFACE('',#1267,60.);
#169=CYLINDRICAL_SURFACE('',#1271,60.);
#170=CYLINDRICAL_SURFACE('',#1275,60.);
#171=CYLINDRICAL_SURFACE('',#1281,15.);
#172=CYLINDRICAL_SURFACE('',#1287,40.);
#173=CYLINDRICAL_SURFACE('',#1291,15.);
#174=CYLINDRICAL_SURFACE('',#1295,15.);
#175=CYLINDRICAL_SURFACE('',#1302,100.);
#176=CYLINDRICAL_SURFACE('',#1308,15.);
#177=CYLINDRICAL_SURFACE('',#1314,40.);
#178=CYLINDRICAL_SURFACE('',#1318,15.);
#179=CYLINDRICAL_SURFACE('',#1324,40.);
#180=CYLINDRICAL_SURFACE('',#1328,15.);
#181=CYLINDRICAL_SURFACE('',#1334,40.);
#182=CYLINDRICAL_SURFACE('',#1338,15.);
#183=CYLINDRICAL_SURFACE('',#1342,15.);
#184=CYLINDRICAL_SURFACE('',#1349,15.);
#185=CYLINDRICAL_SURFACE('',#1353,15.);
#186=CYLINDRICAL_SURFACE('',#1360,15.);
#187=CYLINDRICAL_SURFACE('',#1364,15.);
#188=CYLINDRICAL_SURFACE('',#1371,100.);
#189=CYLINDRICAL_SURFACE('',#1377,100.);
#190=CYLINDRICAL_SURFACE('',#1383,100.);
#191=FACE_OUTER_BOUND('',#257,.T.);
#192=FACE_OUTER_BOUND('',#258,.T.);
#193=FACE_OUTER_BOUND('',#259,.T.);
#194=FACE_OUTER_BOUND('',#260,.T.);
#195=FACE_OUTER_BOUND('',#261,.T.);
#196=FACE_OUTER_BOUND('',#262,.T.);
#197=FACE_OUTER_BOUND('',#263,.T.);
#198=FACE_OUTER_BOUND('',#264,.T.);
#199=FACE_OUTER_BOUND('',#265,.T.);
#200=FACE_OUTER_BOUND('',#266,.T.);
#201=FACE_OUTER_BOUND('',#267,.T.);
#202=FACE_OUTER_BOUND('',#268,.T.);
#203=FACE_OUTER_BOUND('',#269,.T.);
#204=FACE_OUTER_BOUND('',#270,.T.);
#205=FACE_OUTER_BOUND('',#271,.T.);
#206=FACE_OUTER_BOUND('',#272,.T.);
#207=FACE_OUTER_BOUND('',#273,.T.);
#208=FACE_OUTER_BOUND('',#274,.T.);
#209=FACE_OUTER_BOUND('',#275,.T.);
#210=FACE_OUTER_BOUND('',#276,.T.);
#211=FACE_OUTER_BOUND('',#277,.T.);
#212=FACE_OUTER_BOUND('',#278,.T.);
#213=FACE_OUTER_BOUND('',#279,.T.);
#214=FACE_OUTER_BOUND('',#280,.T.);
#215=FACE_OUTER_BOUND('',#281,.T.);
#216=FACE_OUTER_BOUND('',#282,.T.);
#217=FACE_OUTER_BOUND('',#283,.T.);
#218=FACE_OUTER_BOUND('',#284,.T.);
#219=FACE_OUTER_BOUND('',#285,.T.);
#220=FACE_OUTER_BOUND('',#286,.T.);
#221=FACE_OUTER_BOUND('',#287,.T.);
#222=FACE_OUTER_BOUND('',#288,.T.);
#223=FACE_OUTER_BOUND('',#289,.T.);
#224=FACE_OUTER_BOUND('',#290,.T.);
#225=FACE_OUTER_BOUND('',#291,.T.);
#226=FACE_OUTER_BOUND('',#292,.T.);
#227=FACE_OUTER_BOUND('',#293,.T.);
#228=FACE_OUTER_BOUND('',#294,.T.);
#229=FACE_OUTER_BOUND('',#295,.T.);
#230=FACE_OUTER_BOUND('',#296,.T.);
#231=FACE_OUTER_BOUND('',#297,.T.);
#232=FACE_OUTER_BOUND('',#298,.T.);
#233=FACE_OUTER_BOUND('',#299,.T.);
#234=FACE_OUTER_BOUND('',#300,.T.);
#235=FACE_OUTER_BOUND('',#301,.T.);
#236=FACE_OUTER_BOUND('',#302,.T.);
#237=FACE_OUTER_BOUND('',#303,.T.);
#238=FACE_OUTER_BOUND('',#304,.T.);
#239=FACE_OUTER_BOUND('',#305,.T.);
#240=FACE_OUTER_BOUND('',#306,.T.);
#241=FACE_OUTER_BOUND('',#307,.T.);
#242=FACE_OUTER_BOUND('',#308,.T.);
#243=FACE_OUTER_BOUND('',#309,.T.);
#244=FACE_OUTER_BOUND('',#310,.T.);
#245=FACE_OUTER_BOUND('',#311,.T.);
#246=FACE_OUTER_BOUND('',#312,.T.);
#247=FACE_OUTER_BOUND('',#313,.T.);
#248=FACE_OUTER_BOUND('',#314,.T.);
#249=FACE_OUTER_BOUND('',#315,.T.);
#250=FACE_OUTER_BOUND('',#316,.T.);
#251=FACE_OUTER_BOUND('',#317,.T.);
#252=FACE_OUTER_BOUND('',#318,.T.);
#253=FACE_OUTER_BOUND('',#319,.T.);
#254=FACE_OUTER_BOUND('',#320,.T.);
#255=FACE_OUTER_BOUND('',#321,.T.);
#256=FACE_OUTER_BOUND('',#322,.T.);
#257=EDGE_LOOP('',(#659,#660,#661,#662));
#258=EDGE_LOOP('',(#663,#664,#665,#666));
#259=EDGE_LOOP('',(#667,#668,#669,#670));
#260=EDGE_LOOP('',(#671,#672,#673,#674));
#261=EDGE_LOOP('',(#675,#676,#677,#678));
#262=EDGE_LOOP('',(#679,#680,#681,#682));
#263=EDGE_LOOP('',(#683,#684,#685,#686));
#264=EDGE_LOOP('',(#687,#688,#689,#690));
#265=EDGE_LOOP('',(#691,#692,#693,#694,#695,#696,#697,#698));
#266=EDGE_LOOP('',(#699,#700,#701,#702,#703,#704,#705,#706));
#267=EDGE_LOOP('',(#707,#708,#709,#710));
#268=EDGE_LOOP('',(#711,#712));
#269=EDGE_LOOP('',(#713,#714,#715,#716,#717));
#270=EDGE_LOOP('',(#718,#719,#720,#721,#722,#723));
#271=EDGE_LOOP('',(#724));
#272=EDGE_LOOP('',(#725,#726,#727,#728));
#273=EDGE_LOOP('',(#729,#730,#731,#732));
#274=EDGE_LOOP('',(#733,#734,#735,#736));
#275=EDGE_LOOP('',(#737,#738,#739,#740));
#276=EDGE_LOOP('',(#741,#742,#743,#744));
#277=EDGE_LOOP('',(#745,#746,#747,#748));
#278=EDGE_LOOP('',(#749,#750,#751,#752));
#279=EDGE_LOOP('',(#753));
#280=EDGE_LOOP('',(#754));
#281=EDGE_LOOP('',(#755,#756,#757,#758));
#282=EDGE_LOOP('',(#759,#760));
#283=EDGE_LOOP('',(#761,#762,#763,#764,#765));
#284=EDGE_LOOP('',(#766,#767,#768,#769,#770,#771));
#285=EDGE_LOOP('',(#772));
#286=EDGE_LOOP('',(#773,#774,#775,#776));
#287=EDGE_LOOP('',(#777,#778));
#288=EDGE_LOOP('',(#779,#780,#781,#782,#783));
#289=EDGE_LOOP('',(#784,#785,#786,#787,#788,#789));
#290=EDGE_LOOP('',(#790));
#291=EDGE_LOOP('',(#791,#792,#793,#794));
#292=EDGE_LOOP('',(#795,#796));
#293=EDGE_LOOP('',(#797,#798,#799,#800,#801));
#294=EDGE_LOOP('',(#802,#803,#804,#805,#806,#807));
#295=EDGE_LOOP('',(#808));
#296=EDGE_LOOP('',(#809,#810,#811,#812));
#297=EDGE_LOOP('',(#813,#814,#815,#816));
#298=EDGE_LOOP('',(#817,#818,#819,#820));
#299=EDGE_LOOP('',(#821,#822,#823,#824));
#300=EDGE_LOOP('',(#825,#826,#827,#828));
#301=EDGE_LOOP('',(#829,#830,#831,#832));
#302=EDGE_LOOP('',(#833,#834,#835,#836));
#303=EDGE_LOOP('',(#837,#838,#839,#840));
#304=EDGE_LOOP('',(#841,#842,#843,#844));
#305=EDGE_LOOP('',(#845,#846,#847,#848));
#306=EDGE_LOOP('',(#849,#850,#851,#852));
#307=EDGE_LOOP('',(#853,#854,#855,#856));
#308=EDGE_LOOP('',(#857,#858,#859,#860));
#309=EDGE_LOOP('',(#861,#862,#863,#864));
#310=EDGE_LOOP('',(#865,#866,#867,#868));
#311=EDGE_LOOP('',(#869,#870,#871,#872));
#312=EDGE_LOOP('',(#873,#874,#875,#876));
#313=EDGE_LOOP('',(#877,#878,#879,#880));
#314=EDGE_LOOP('',(#881,#882,#883,#884));
#315=EDGE_LOOP('',(#885));
#316=EDGE_LOOP('',(#886));
#317=EDGE_LOOP('',(#887,#888,#889,#890));
#318=EDGE_LOOP('',(#891));
#319=EDGE_LOOP('',(#892));
#320=EDGE_LOOP('',(#893,#894,#895,#896));
#321=EDGE_LOOP('',(#897));
#322=EDGE_LOOP('',(#898));
#323=LINE('',#1756,#391);
#324=LINE('',#1758,#392);
#325=LINE('',#1760,#393);
#326=LINE('',#1761,#394);
#327=LINE('',#1767,#395);
#328=LINE('',#1770,#396);
#329=LINE('',#1772,#397);
#330=LINE('',#1773,#398);
#331=LINE('',#1779,#399);
#332=LINE('',#1782,#400);
#333=LINE('',#1784,#401);
#334=LINE('',#1785,#402);
#335=LINE('',#1791,#403);
#336=LINE('',#1794,#404);
#337=LINE('',#1796,#405);
#338=LINE('',#1797,#406);
#339=LINE('',#1807,#407);
#340=LINE('',#1811,#408);
#341=LINE('',#1852,#409);
#342=LINE('',#1859,#410);
#343=LINE('',#1868,#411);
#344=LINE('',#1871,#412);
#345=LINE('',#1874,#413);
#346=LINE('',#1876,#414);
#347=LINE('',#1877,#415);
#348=LINE('',#1883,#416);
#349=LINE('',#1885,#417);
#350=LINE('',#1886,#418);
#351=LINE('',#1894,#419);
#352=LINE('',#1902,#420);
#353=LINE('',#1906,#421);
#354=LINE('',#1947,#422);
#355=LINE('',#1954,#423);
#356=LINE('',#1961,#424);
#357=LINE('',#1965,#425);
#358=LINE('',#2006,#426);
#359=LINE('',#2013,#427);
#360=LINE('',#2020,#428);
#361=LINE('',#2024,#429);
#362=LINE('',#2065,#430);
#363=LINE('',#2072,#431);
#364=LINE('',#2081,#432);
#365=LINE('',#2084,#433);
#366=LINE('',#2087,#434);
#367=LINE('',#2089,#435);
#368=LINE('',#2090,#436);
#369=LINE('',#2096,#437);
#370=LINE('',#2098,#438);
#371=LINE('',#2099,#439);
#372=LINE('',#2108,#440);
#373=LINE('',#2111,#441);
#374=LINE('',#2114,#442);
#375=LINE('',#2116,#443);
#376=LINE('',#2117,#444);
#377=LINE('',#2123,#445);
#378=LINE('',#2125,#446);
#379=LINE('',#2126,#447);
#380=LINE('',#2135,#448);
#381=LINE('',#2138,#449);
#382=LINE('',#2141,#450);
#383=LINE('',#2143,#451);
#384=LINE('',#2144,#452);
#385=LINE('',#2150,#453);
#386=LINE('',#2152,#454);
#387=LINE('',#2153,#455);
#388=LINE('',#2161,#456);
#389=LINE('',#2170,#457);
#390=LINE('',#2179,#458);
#391=VECTOR('',#1407,10.);
#392=VECTOR('',#1408,10.);
#393=VECTOR('',#1409,10.);
#394=VECTOR('',#1410,10.);
#395=VECTOR('',#1417,10.);
#396=VECTOR('',#1420,10.);
#397=VECTOR('',#1421,10.);
#398=VECTOR('',#1422,10.);
#399=VECTOR('',#1429,10.);
#400=VECTOR('',#1432,10.);
#401=VECTOR('',#1433,10.);
#402=VECTOR('',#1434,10.);
#403=VECTOR('',#1441,10.);
#404=VECTOR('',#1444,10.);
#405=VECTOR('',#1445,10.);
#406=VECTOR('',#1446,10.);
#407=VECTOR('',#1461,10.);
#408=VECTOR('',#1464,10.);
#409=VECTOR('',#1467,10.);
#410=VECTOR('',#1476,40.);
#411=VECTOR('',#1487,10.);
#412=VECTOR('',#1490,10.);
#413=VECTOR('',#1493,10.);
#414=VECTOR('',#1494,10.);
#415=VECTOR('',#1495,10.);
#416=VECTOR('',#1502,10.);
#417=VECTOR('',#1505,10.);
#418=VECTOR('',#1506,10.);
#419=VECTOR('',#1517,100.);
#420=VECTOR('',#1528,10.);
#421=VECTOR('',#1531,10.);
#422=VECTOR('',#1534,10.);
#423=VECTOR('',#1543,40.);
#424=VECTOR('',#1552,10.);
#425=VECTOR('',#1555,10.);
#426=VECTOR('',#1558,10.);
#427=VECTOR('',#1567,40.);
#428=VECTOR('',#1576,10.);
#429=VECTOR('',#1579,10.);
#430=VECTOR('',#1582,10.);
#431=VECTOR('',#1591,40.);
#432=VECTOR('',#1602,10.);
#433=VECTOR('',#1605,10.);
#434=VECTOR('',#1608,10.);
#435=VECTOR('',#1609,10.);
#436=VECTOR('',#1610,10.);
#437=VECTOR('',#1617,10.);
#438=VECTOR('',#1620,10.);
#439=VECTOR('',#1621,10.);
#440=VECTOR('',#1632,10.);
#441=VECTOR('',#1635,10.);
#442=VECTOR('',#1638,10.);
#443=VECTOR('',#1639,10.);
#444=VECTOR('',#1640,10.);
#445=VECTOR('',#1647,10.);
#446=VECTOR('',#1650,10.);
#447=VECTOR('',#1651,10.);
#448=VECTOR('',#1662,10.);
#449=VECTOR('',#1665,10.);
#450=VECTOR('',#1668,10.);
#451=VECTOR('',#1669,10.);
#452=VECTOR('',#1670,10.);
#453=VECTOR('',#1677,10.);
#454=VECTOR('',#1680,10.);
#455=VECTOR('',#1681,10.);
#456=VECTOR('',#1692,100.);
#457=VECTOR('',#1705,100.);
#458=VECTOR('',#1718,100.);
#459=VERTEX_POINT('',#1754);
#460=VERTEX_POINT('',#1755);
#461=VERTEX_POINT('',#1757);
#462=VERTEX_POINT('',#1759);
#463=VERTEX_POINT('',#1763);
#464=VERTEX_POINT('',#1765);
#465=VERTEX_POINT('',#1769);
#466=VERTEX_POINT('',#1771);
#467=VERTEX_POINT('',#1775);
#468=VERTEX_POINT('',#1777);
#469=VERTEX_POINT('',#1781);
#470=VERTEX_POINT('',#1783);
#471=VERTEX_POINT('',#1787);
#472=VERTEX_POINT('',#1789);
#473=VERTEX_POINT('',#1793);
#474=VERTEX_POINT('',#1795);
#475=VERTEX_POINT('',#1805);
#476=VERTEX_POINT('',#1806);
#477=VERTEX_POINT('',#1808);
#478=VERTEX_POINT('',#1810);
#479=VERTEX_POINT('',#1854);
#480=VERTEX_POINT('',#1858);
#481=VERTEX_POINT('',#1864);
#482=VERTEX_POINT('',#1865);
#483=VERTEX_POINT('',#1867);
#484=VERTEX_POINT('',#1869);
#485=VERTEX_POINT('',#1873);
#486=VERTEX_POINT('',#1875);
#487=VERTEX_POINT('',#1879);
#488=VERTEX_POINT('',#1881);
#489=VERTEX_POINT('',#1891);
#490=VERTEX_POINT('',#1893);
#491=VERTEX_POINT('',#1900);
#492=VERTEX_POINT('',#1901);
#493=VERTEX_POINT('',#1903);
#494=VERTEX_POINT('',#1905);
#495=VERTEX_POINT('',#1949);
#496=VERTEX_POINT('',#1953);
#497=VERTEX_POINT('',#1959);
#498=VERTEX_POINT('',#1960);
#499=VERTEX_POINT('',#1962);
#500=VERTEX_POINT('',#1964);
#501=VERTEX_POINT('',#2008);
#502=VERTEX_POINT('',#2012);
#503=VERTEX_POINT('',#2018);
#504=VERTEX_POINT('',#2019);
#505=VERTEX_POINT('',#2021);
#506=VERTEX_POINT('',#2023);
#507=VERTEX_POINT('',#2067);
#508=VERTEX_POINT('',#2071);
#509=VERTEX_POINT('',#2077);
#510=VERTEX_POINT('',#2078);
#511=VERTEX_POINT('',#2080);
#512=VERTEX_POINT('',#2082);
#513=VERTEX_POINT('',#2086);
#514=VERTEX_POINT('',#2088);
#515=VERTEX_POINT('',#2092);
#516=VERTEX_POINT('',#2094);
#517=VERTEX_POINT('',#2104);
#518=VERTEX_POINT('',#2105);
#519=VERTEX_POINT('',#2107);
#520=VERTEX_POINT('',#2109);
#521=VERTEX_POINT('',#2113);
#522=VERTEX_POINT('',#2115);
#523=VERTEX_POINT('',#2119);
#524=VERTEX_POINT('',#2121);
#525=VERTEX_POINT('',#2131);
#526=VERTEX_POINT('',#2132);
#527=VERTEX_POINT('',#2134);
#528=VERTEX_POINT('',#2136);
#529=VERTEX_POINT('',#2140);
#530=VERTEX_POINT('',#2142);
#531=VERTEX_POINT('',#2146);
#532=VERTEX_POINT('',#2148);
#533=VERTEX_POINT('',#2158);
#534=VERTEX_POINT('',#2160);
#535=VERTEX_POINT('',#2167);
#536=VERTEX_POINT('',#2169);
#537=VERTEX_POINT('',#2176);
#538=VERTEX_POINT('',#2178);
#539=EDGE_CURVE('',#459,#460,#323,.T.);
#540=EDGE_CURVE('',#460,#461,#324,.T.);
#541=EDGE_CURVE('',#462,#461,#325,.T.);
#542=EDGE_CURVE('',#459,#462,#326,.T.);
#543=EDGE_CURVE('',#463,#459,#119,.T.);
#544=EDGE_CURVE('',#464,#462,#120,.T.);
#545=EDGE_CURVE('',#463,#464,#327,.T.);
#546=EDGE_CURVE('',#465,#463,#328,.T.);
#547=EDGE_CURVE('',#466,#464,#329,.T.);
#548=EDGE_CURVE('',#465,#466,#330,.T.);
#549=EDGE_CURVE('',#467,#465,#121,.T.);
#550=EDGE_CURVE('',#468,#466,#122,.T.);
#551=EDGE_CURVE('',#467,#468,#331,.T.);
#552=EDGE_CURVE('',#469,#467,#332,.T.);
#553=EDGE_CURVE('',#470,#468,#333,.T.);
#554=EDGE_CURVE('',#469,#470,#334,.T.);
#555=EDGE_CURVE('',#471,#469,#123,.T.);
#556=EDGE_CURVE('',#472,#470,#124,.T.);
#557=EDGE_CURVE('',#471,#472,#335,.T.);
#558=EDGE_CURVE('',#473,#471,#336,.T.);
#559=EDGE_CURVE('',#474,#472,#337,.T.);
#560=EDGE_CURVE('',#473,#474,#338,.T.);
#561=EDGE_CURVE('',#460,#473,#125,.T.);
#562=EDGE_CURVE('',#461,#474,#126,.T.);
#563=EDGE_CURVE('',#475,#476,#339,.T.);
#564=EDGE_CURVE('',#477,#475,#127,.T.);
#565=EDGE_CURVE('',#478,#477,#340,.T.);
#566=EDGE_CURVE('',#476,#478,#63,.T.);
#567=EDGE_CURVE('',#477,#475,#341,.T.);
#568=EDGE_CURVE('',#476,#479,#128,.T.);
#569=EDGE_CURVE('',#479,#478,#129,.T.);
#570=EDGE_CURVE('',#479,#480,#342,.T.);
#571=EDGE_CURVE('',#480,#480,#130,.T.);
#572=EDGE_CURVE('',#481,#482,#131,.T.);
#573=EDGE_CURVE('',#481,#483,#343,.T.);
#574=EDGE_CURVE('',#484,#483,#132,.T.);
#575=EDGE_CURVE('',#482,#484,#344,.T.);
#576=EDGE_CURVE('',#482,#485,#345,.T.);
#577=EDGE_CURVE('',#486,#484,#346,.T.);
#578=EDGE_CURVE('',#485,#486,#347,.T.);
#579=EDGE_CURVE('',#485,#487,#133,.T.);
#580=EDGE_CURVE('',#488,#486,#134,.T.);
#581=EDGE_CURVE('',#487,#488,#348,.T.);
#582=EDGE_CURVE('',#487,#481,#349,.T.);
#583=EDGE_CURVE('',#483,#488,#350,.T.);
#584=EDGE_CURVE('',#489,#489,#135,.T.);
#585=EDGE_CURVE('',#489,#490,#351,.T.);
#586=EDGE_CURVE('',#490,#490,#136,.T.);
#587=EDGE_CURVE('',#491,#492,#352,.T.);
#588=EDGE_CURVE('',#493,#491,#137,.T.);
#589=EDGE_CURVE('',#494,#493,#353,.T.);
#590=EDGE_CURVE('',#492,#494,#64,.T.);
#591=EDGE_CURVE('',#493,#491,#354,.T.);
#592=EDGE_CURVE('',#492,#495,#138,.T.);
#593=EDGE_CURVE('',#495,#494,#139,.T.);
#594=EDGE_CURVE('',#495,#496,#355,.T.);
#595=EDGE_CURVE('',#496,#496,#140,.T.);
#596=EDGE_CURVE('',#497,#498,#356,.T.);
#597=EDGE_CURVE('',#499,#497,#141,.T.);
#598=EDGE_CURVE('',#500,#499,#357,.T.);
#599=EDGE_CURVE('',#498,#500,#65,.T.);
#600=EDGE_CURVE('',#499,#497,#358,.T.);
#601=EDGE_CURVE('',#498,#501,#142,.T.);
#602=EDGE_CURVE('',#501,#500,#143,.T.);
#603=EDGE_CURVE('',#501,#502,#359,.T.);
#604=EDGE_CURVE('',#502,#502,#144,.T.);
#605=EDGE_CURVE('',#503,#504,#360,.T.);
#606=EDGE_CURVE('',#505,#503,#145,.T.);
#607=EDGE_CURVE('',#506,#505,#361,.T.);
#608=EDGE_CURVE('',#504,#506,#66,.T.);
#609=EDGE_CURVE('',#505,#503,#362,.T.);
#610=EDGE_CURVE('',#504,#507,#146,.T.);
#611=EDGE_CURVE('',#507,#506,#147,.T.);
#612=EDGE_CURVE('',#507,#508,#363,.T.);
#613=EDGE_CURVE('',#508,#508,#148,.T.);
#614=EDGE_CURVE('',#509,#510,#149,.T.);
#615=EDGE_CURVE('',#509,#511,#364,.T.);
#616=EDGE_CURVE('',#512,#511,#150,.T.);
#617=EDGE_CURVE('',#510,#512,#365,.T.);
#618=EDGE_CURVE('',#510,#513,#366,.T.);
#619=EDGE_CURVE('',#514,#512,#367,.T.);
#620=EDGE_CURVE('',#513,#514,#368,.T.);
#621=EDGE_CURVE('',#513,#515,#151,.T.);
#622=EDGE_CURVE('',#516,#514,#152,.T.);
#623=EDGE_CURVE('',#515,#516,#369,.T.);
#624=EDGE_CURVE('',#515,#509,#370,.T.);
#625=EDGE_CURVE('',#511,#516,#371,.T.);
#626=EDGE_CURVE('',#517,#518,#153,.T.);
#627=EDGE_CURVE('',#517,#519,#372,.T.);
#628=EDGE_CURVE('',#520,#519,#154,.T.);
#629=EDGE_CURVE('',#518,#520,#373,.T.);
#630=EDGE_CURVE('',#518,#521,#374,.T.);
#631=EDGE_CURVE('',#522,#520,#375,.T.);
#632=EDGE_CURVE('',#521,#522,#376,.T.);
#633=EDGE_CURVE('',#521,#523,#155,.T.);
#634=EDGE_CURVE('',#524,#522,#156,.T.);
#635=EDGE_CURVE('',#523,#524,#377,.T.);
#636=EDGE_CURVE('',#523,#517,#378,.T.);
#637=EDGE_CURVE('',#519,#524,#379,.T.);
#638=EDGE_CURVE('',#525,#526,#157,.T.);
#639=EDGE_CURVE('',#525,#527,#380,.T.);
#640=EDGE_CURVE('',#528,#527,#158,.T.);
#641=EDGE_CURVE('',#526,#528,#381,.T.);
#642=EDGE_CURVE('',#526,#529,#382,.T.);
#643=EDGE_CURVE('',#530,#528,#383,.T.);
#644=EDGE_CURVE('',#529,#530,#384,.T.);
#645=EDGE_CURVE('',#529,#531,#159,.T.);
#646=EDGE_CURVE('',#532,#530,#160,.T.);
#647=EDGE_CURVE('',#531,#532,#385,.T.);
#648=EDGE_CURVE('',#531,#525,#386,.T.);
#649=EDGE_CURVE('',#527,#532,#387,.T.);
#650=EDGE_CURVE('',#533,#533,#161,.T.);
#651=EDGE_CURVE('',#533,#534,#388,.T.);
#652=EDGE_CURVE('',#534,#534,#162,.T.);
#653=EDGE_CURVE('',#535,#535,#163,.T.);
#654=EDGE_CURVE('',#535,#536,#389,.T.);
#655=EDGE_CURVE('',#536,#536,#164,.T.);
#656=EDGE_CURVE('',#537,#537,#165,.T.);
#657=EDGE_CURVE('',#537,#538,#390,.T.);
#658=EDGE_CURVE('',#538,#538,#166,.T.);
#659=ORIENTED_EDGE('',*,*,#539,.T.);
#660=ORIENTED_EDGE('',*,*,#540,.T.);
#661=ORIENTED_EDGE('',*,*,#541,.F.);
#662=ORIENTED_EDGE('',*,*,#542,.F.);
#663=ORIENTED_EDGE('',*,*,#543,.T.);
#664=ORIENTED_EDGE('',*,*,#542,.T.);
#665=ORIENTED_EDGE('',*,*,#544,.F.);
#666=ORIENTED_EDGE('',*,*,#545,.F.);
#667=ORIENTED_EDGE('',*,*,#546,.T.);
#668=ORIENTED_EDGE('',*,*,#545,.T.);
#669=ORIENTED_EDGE('',*,*,#547,.F.);
#670=ORIENTED_EDGE('',*,*,#548,.F.);
#671=ORIENTED_EDGE('',*,*,#549,.T.);
#672=ORIENTED_EDGE('',*,*,#548,.T.);
#673=ORIENTED_EDGE('',*,*,#550,.F.);
#674=ORIENTED_EDGE('',*,*,#551,.F.);
#675=ORIENTED_EDGE('',*,*,#552,.T.);
#676=ORIENTED_EDGE('',*,*,#551,.T.);
#677=ORIENTED_EDGE('',*,*,#553,.F.);
#678=ORIENTED_EDGE('',*,*,#554,.F.);
#679=ORIENTED_EDGE('',*,*,#555,.T.);
#680=ORIENTED_EDGE('',*,*,#554,.T.);
#681=ORIENTED_EDGE('',*,*,#556,.F.);
#682=ORIENTED_EDGE('',*,*,#557,.F.);
#683=ORIENTED_EDGE('',*,*,#558,.T.);
#684=ORIENTED_EDGE('',*,*,#557,.T.);
#685=ORIENTED_EDGE('',*,*,#559,.F.);
#686=ORIENTED_EDGE('',*,*,#560,.F.);
#687=ORIENTED_EDGE('',*,*,#561,.T.);
#688=ORIENTED_EDGE('',*,*,#560,.T.);
#689=ORIENTED_EDGE('',*,*,#562,.F.);
#690=ORIENTED_EDGE('',*,*,#540,.F.);
#691=ORIENTED_EDGE('',*,*,#562,.T.);
#692=ORIENTED_EDGE('',*,*,#559,.T.);
#693=ORIENTED_EDGE('',*,*,#556,.T.);
#694=ORIENTED_EDGE('',*,*,#553,.T.);
#695=ORIENTED_EDGE('',*,*,#550,.T.);
#696=ORIENTED_EDGE('',*,*,#547,.T.);
#697=ORIENTED_EDGE('',*,*,#544,.T.);
#698=ORIENTED_EDGE('',*,*,#541,.T.);
#699=ORIENTED_EDGE('',*,*,#561,.F.);
#700=ORIENTED_EDGE('',*,*,#539,.F.);
#701=ORIENTED_EDGE('',*,*,#543,.F.);
#702=ORIENTED_EDGE('',*,*,#546,.F.);
#703=ORIENTED_EDGE('',*,*,#549,.F.);
#704=ORIENTED_EDGE('',*,*,#552,.F.);
#705=ORIENTED_EDGE('',*,*,#555,.F.);
#706=ORIENTED_EDGE('',*,*,#558,.F.);
#707=ORIENTED_EDGE('',*,*,#563,.F.);
#708=ORIENTED_EDGE('',*,*,#564,.F.);
#709=ORIENTED_EDGE('',*,*,#565,.F.);
#710=ORIENTED_EDGE('',*,*,#566,.F.);
#711=ORIENTED_EDGE('',*,*,#567,.F.);
#712=ORIENTED_EDGE('',*,*,#564,.T.);
#713=ORIENTED_EDGE('',*,*,#563,.T.);
#714=ORIENTED_EDGE('',*,*,#568,.T.);
#715=ORIENTED_EDGE('',*,*,#569,.T.);
#716=ORIENTED_EDGE('',*,*,#565,.T.);
#717=ORIENTED_EDGE('',*,*,#567,.T.);
#718=ORIENTED_EDGE('',*,*,#568,.F.);
#719=ORIENTED_EDGE('',*,*,#566,.T.);
#720=ORIENTED_EDGE('',*,*,#569,.F.);
#721=ORIENTED_EDGE('',*,*,#570,.T.);
#722=ORIENTED_EDGE('',*,*,#571,.F.);
#723=ORIENTED_EDGE('',*,*,#570,.F.);
#724=ORIENTED_EDGE('',*,*,#571,.T.);
#725=ORIENTED_EDGE('',*,*,#572,.F.);
#726=ORIENTED_EDGE('',*,*,#573,.T.);
#727=ORIENTED_EDGE('',*,*,#574,.F.);
#728=ORIENTED_EDGE('',*,*,#575,.F.);
#729=ORIENTED_EDGE('',*,*,#576,.F.);
#730=ORIENTED_EDGE('',*,*,#575,.T.);
#731=ORIENTED_EDGE('',*,*,#577,.F.);
#732=ORIENTED_EDGE('',*,*,#578,.F.);
#733=ORIENTED_EDGE('',*,*,#579,.F.);
#734=ORIENTED_EDGE('',*,*,#578,.T.);
#735=ORIENTED_EDGE('',*,*,#580,.F.);
#736=ORIENTED_EDGE('',*,*,#581,.F.);
#737=ORIENTED_EDGE('',*,*,#582,.F.);
#738=ORIENTED_EDGE('',*,*,#581,.T.);
#739=ORIENTED_EDGE('',*,*,#583,.F.);
#740=ORIENTED_EDGE('',*,*,#573,.F.);
#741=ORIENTED_EDGE('',*,*,#582,.T.);
#742=ORIENTED_EDGE('',*,*,#572,.T.);
#743=ORIENTED_EDGE('',*,*,#576,.T.);
#744=ORIENTED_EDGE('',*,*,#579,.T.);
#745=ORIENTED_EDGE('',*,*,#583,.T.);
#746=ORIENTED_EDGE('',*,*,#580,.T.);
#747=ORIENTED_EDGE('',*,*,#577,.T.);
#748=ORIENTED_EDGE('',*,*,#574,.T.);
#749=ORIENTED_EDGE('',*,*,#584,.F.);
#750=ORIENTED_EDGE('',*,*,#585,.T.);
#751=ORIENTED_EDGE('',*,*,#586,.T.);
#752=ORIENTED_EDGE('',*,*,#585,.F.);
#753=ORIENTED_EDGE('',*,*,#584,.T.);
#754=ORIENTED_EDGE('',*,*,#586,.F.);
#755=ORIENTED_EDGE('',*,*,#587,.F.);
#756=ORIENTED_EDGE('',*,*,#588,.F.);
#757=ORIENTED_EDGE('',*,*,#589,.F.);
#758=ORIENTED_EDGE('',*,*,#590,.F.);
#759=ORIENTED_EDGE('',*,*,#591,.F.);
#760=ORIENTED_EDGE('',*,*,#588,.T.);
#761=ORIENTED_EDGE('',*,*,#587,.T.);
#762=ORIENTED_EDGE('',*,*,#592,.T.);
#763=ORIENTED_EDGE('',*,*,#593,.T.);
#764=ORIENTED_EDGE('',*,*,#589,.T.);
#765=ORIENTED_EDGE('',*,*,#591,.T.);
#766=ORIENTED_EDGE('',*,*,#592,.F.);
#767=ORIENTED_EDGE('',*,*,#590,.T.);
#768=ORIENTED_EDGE('',*,*,#593,.F.);
#769=ORIENTED_EDGE('',*,*,#594,.T.);
#770=ORIENTED_EDGE('',*,*,#595,.F.);
#771=ORIENTED_EDGE('',*,*,#594,.F.);
#772=ORIENTED_EDGE('',*,*,#595,.T.);
#773=ORIENTED_EDGE('',*,*,#596,.F.);
#774=ORIENTED_EDGE('',*,*,#597,.F.);
#775=ORIENTED_EDGE('',*,*,#598,.F.);
#776=ORIENTED_EDGE('',*,*,#599,.F.);
#777=ORIENTED_EDGE('',*,*,#600,.F.);
#778=ORIENTED_EDGE('',*,*,#597,.T.);
#779=ORIENTED_EDGE('',*,*,#596,.T.);
#780=ORIENTED_EDGE('',*,*,#601,.T.);
#781=ORIENTED_EDGE('',*,*,#602,.T.);
#782=ORIENTED_EDGE('',*,*,#598,.T.);
#783=ORIENTED_EDGE('',*,*,#600,.T.);
#784=ORIENTED_EDGE('',*,*,#601,.F.);
#785=ORIENTED_EDGE('',*,*,#599,.T.);
#786=ORIENTED_EDGE('',*,*,#602,.F.);
#787=ORIENTED_EDGE('',*,*,#603,.T.);
#788=ORIENTED_EDGE('',*,*,#604,.F.);
#789=ORIENTED_EDGE('',*,*,#603,.F.);
#790=ORIENTED_EDGE('',*,*,#604,.T.);
#791=ORIENTED_EDGE('',*,*,#605,.F.);
#792=ORIENTED_EDGE('',*,*,#606,.F.);
#793=ORIENTED_EDGE('',*,*,#607,.F.);
#794=ORIENTED_EDGE('',*,*,#608,.F.);
#795=ORIENTED_EDGE('',*,*,#609,.F.);
#796=ORIENTED_EDGE('',*,*,#606,.T.);
#797=ORIENTED_EDGE('',*,*,#605,.T.);
#798=ORIENTED_EDGE('',*,*,#610,.T.);
#799=ORIENTED_EDGE('',*,*,#611,.T.);
#800=ORIENTED_EDGE('',*,*,#607,.T.);
#801=ORIENTED_EDGE('',*,*,#609,.T.);
#802=ORIENTED_EDGE('',*,*,#610,.F.);
#803=ORIENTED_EDGE('',*,*,#608,.T.);
#804=ORIENTED_EDGE('',*,*,#611,.F.);
#805=ORIENTED_EDGE('',*,*,#612,.T.);
#806=ORIENTED_EDGE('',*,*,#613,.F.);
#807=ORIENTED_EDGE('',*,*,#612,.F.);
#808=ORIENTED_EDGE('',*,*,#613,.T.);
#809=ORIENTED_EDGE('',*,*,#614,.F.);
#810=ORIENTED_EDGE('',*,*,#615,.T.);
#811=ORIENTED_EDGE('',*,*,#616,.F.);
#812=ORIENTED_EDGE('',*,*,#617,.F.);
#813=ORIENTED_EDGE('',*,*,#618,.F.);
#814=ORIENTED_EDGE('',*,*,#617,.T.);
#815=ORIENTED_EDGE('',*,*,#619,.F.);
#816=ORIENTED_EDGE('',*,*,#620,.F.);
#817=ORIENTED_EDGE('',*,*,#621,.F.);
#818=ORIENTED_EDGE('',*,*,#620,.T.);
#819=ORIENTED_EDGE('',*,*,#622,.F.);
#820=ORIENTED_EDGE('',*,*,#623,.F.);
#821=ORIENTED_EDGE('',*,*,#624,.F.);
#822=ORIENTED_EDGE('',*,*,#623,.T.);
#823=ORIENTED_EDGE('',*,*,#625,.F.);
#824=ORIENTED_EDGE('',*,*,#615,.F.);
#825=ORIENTED_EDGE('',*,*,#624,.T.);
#826=ORIENTED_EDGE('',*,*,#614,.T.);
#827=ORIENTED_EDGE('',*,*,#618,.T.);
#828=ORIENTED_EDGE('',*,*,#621,.T.);
#829=ORIENTED_EDGE('',*,*,#625,.T.);
#830=ORIENTED_EDGE('',*,*,#622,.T.);
#831=ORIENTED_EDGE('',*,*,#619,.T.);
#832=ORIENTED_EDGE('',*,*,#616,.T.);
#833=ORIENTED_EDGE('',*,*,#626,.F.);
#834=ORIENTED_EDGE('',*,*,#627,.T.);
#835=ORIENTED_EDGE('',*,*,#628,.F.);
#836=ORIENTED_EDGE('',*,*,#629,.F.);
#837=ORIENTED_EDGE('',*,*,#630,.F.);
#838=ORIENTED_EDGE('',*,*,#629,.T.);
#839=ORIENTED_EDGE('',*,*,#631,.F.);
#840=ORIENTED_EDGE('',*,*,#632,.F.);
#841=ORIENTED_EDGE('',*,*,#633,.F.);
#842=ORIENTED_EDGE('',*,*,#632,.T.);
#843=ORIENTED_EDGE('',*,*,#634,.F.);
#844=ORIENTED_EDGE('',*,*,#635,.F.);
#845=ORIENTED_EDGE('',*,*,#636,.F.);
#846=ORIENTED_EDGE('',*,*,#635,.T.);
#847=ORIENTED_EDGE('',*,*,#637,.F.);
#848=ORIENTED_EDGE('',*,*,#627,.F.);
#849=ORIENTED_EDGE('',*,*,#636,.T.);
#850=ORIENTED_EDGE('',*,*,#626,.T.);
#851=ORIENTED_EDGE('',*,*,#630,.T.);
#852=ORIENTED_EDGE('',*,*,#633,.T.);
#853=ORIENTED_EDGE('',*,*,#637,.T.);
#854=ORIENTED_EDGE('',*,*,#634,.T.);
#855=ORIENTED_EDGE('',*,*,#631,.T.);
#856=ORIENTED_EDGE('',*,*,#628,.T.);
#857=ORIENTED_EDGE('',*,*,#638,.F.);
#858=ORIENTED_EDGE('',*,*,#639,.T.);
#859=ORIENTED_EDGE('',*,*,#640,.F.);
#860=ORIENTED_EDGE('',*,*,#641,.F.);
#861=ORIENTED_EDGE('',*,*,#642,.F.);
#862=ORIENTED_EDGE('',*,*,#641,.T.);
#863=ORIENTED_EDGE('',*,*,#643,.F.);
#864=ORIENTED_EDGE('',*,*,#644,.F.);
#865=ORIENTED_EDGE('',*,*,#645,.F.);
#866=ORIENTED_EDGE('',*,*,#644,.T.);
#867=ORIENTED_EDGE('',*,*,#646,.F.);
#868=ORIENTED_EDGE('',*,*,#647,.F.);
#869=ORIENTED_EDGE('',*,*,#648,.F.);
#870=ORIENTED_EDGE('',*,*,#647,.T.);
#871=ORIENTED_EDGE('',*,*,#649,.F.);
#872=ORIENTED_EDGE('',*,*,#639,.F.);
#873=ORIENTED_EDGE('',*,*,#648,.T.);
#874=ORIENTED_EDGE('',*,*,#638,.T.);
#875=ORIENTED_EDGE('',*,*,#642,.T.);
#876=ORIENTED_EDGE('',*,*,#645,.T.);
#877=ORIENTED_EDGE('',*,*,#649,.T.);
#878=ORIENTED_EDGE('',*,*,#646,.T.);
#879=ORIENTED_EDGE('',*,*,#643,.T.);
#880=ORIENTED_EDGE('',*,*,#640,.T.);
#881=ORIENTED_EDGE('',*,*,#650,.F.);
#882=ORIENTED_EDGE('',*,*,#651,.T.);
#883=ORIENTED_EDGE('',*,*,#652,.T.);
#884=ORIENTED_EDGE('',*,*,#651,.F.);
#885=ORIENTED_EDGE('',*,*,#650,.T.);
#886=ORIENTED_EDGE('',*,*,#652,.F.);
#887=ORIENTED_EDGE('',*,*,#653,.F.);
#888=ORIENTED_EDGE('',*,*,#654,.T.);
#889=ORIENTED_EDGE('',*,*,#655,.T.);
#890=ORIENTED_EDGE('',*,*,#654,.F.);
#891=ORIENTED_EDGE('',*,*,#653,.T.);
#892=ORIENTED_EDGE('',*,*,#655,.F.);
#893=ORIENTED_EDGE('',*,*,#656,.F.);
#894=ORIENTED_EDGE('',*,*,#657,.T.);
#895=ORIENTED_EDGE('',*,*,#658,.T.);
#896=ORIENTED_EDGE('',*,*,#657,.F.);
#897=ORIENTED_EDGE('',*,*,#656,.T.);
#898=ORIENTED_EDGE('',*,*,#658,.F.);
#899=PLANE('',#1262);
#900=PLANE('',#1266);
#901=PLANE('',#1270);
#902=PLANE('',#1274);
#903=PLANE('',#1278);
#904=PLANE('',#1279);
#905=PLANE('',#1283);
#906=PLANE('',#1284);
#907=PLANE('',#1289);
#908=PLANE('',#1294);
#909=PLANE('',#1298);
#910=PLANE('',#1299);
#911=PLANE('',#1300);
#912=PLANE('',#1305);
#913=PLANE('',#1306);
#914=PLANE('',#1310);
#915=PLANE('',#1311);
#916=PLANE('',#1316);
#917=PLANE('',#1320);
#918=PLANE('',#1321);
#919=PLANE('',#1326);
#920=PLANE('',#1330);
#921=PLANE('',#1331);
#922=PLANE('',#1336);
#923=PLANE('',#1341);
#924=PLANE('',#1345);
#925=PLANE('',#1346);
#926=PLANE('',#1347);
#927=PLANE('',#1352);
#928=PLANE('',#1356);
#929=PLANE('',#1357);
#930=PLANE('',#1358);
#931=PLANE('',#1363);
#932=PLANE('',#1367);
#933=PLANE('',#1368);
#934=PLANE('',#1369);
#935=PLANE('',#1374);
#936=PLANE('',#1375);
#937=PLANE('',#1380);
#938=PLANE('',#1381);
#939=PLANE('',#1386);
#940=PLANE('',#1387);
#941=ADVANCED_FACE('',(#191),#899,.T.);
#942=ADVANCED_FACE('',(#192),#167,.T.);
#943=ADVANCED_FACE('',(#193),#900,.T.);
#944=ADVANCED_FACE('',(#194),#168,.T.);
#945=ADVANCED_FACE('',(#195),#901,.T.);
#946=ADVANCED_FACE('',(#196),#169,.T.);
#947=ADVANCED_FACE('',(#197),#902,.T.);
#948=ADVANCED_FACE('',(#198),#170,.T.);
#949=ADVANCED_FACE('',(#199),#903,.T.);
#950=ADVANCED_FACE('',(#200),#904,.F.);
#951=ADVANCED_FACE('',(#201),#171,.T.);
#952=ADVANCED_FACE('',(#202),#905,.T.);
#953=ADVANCED_FACE('',(#203),#906,.T.);
#954=ADVANCED_FACE('',(#204),#172,.T.);
#955=ADVANCED_FACE('',(#205),#907,.F.);
#956=ADVANCED_FACE('',(#206),#173,.T.);
#957=ADVANCED_FACE('',(#207),#908,.T.);
#958=ADVANCED_FACE('',(#208),#174,.T.);
#959=ADVANCED_FACE('',(#209),#909,.T.);
#960=ADVANCED_FACE('',(#210),#910,.T.);
#961=ADVANCED_FACE('',(#211),#911,.F.);
#962=ADVANCED_FACE('',(#212),#175,.T.);
#963=ADVANCED_FACE('',(#213),#912,.T.);
#964=ADVANCED_FACE('',(#214),#913,.F.);
#965=ADVANCED_FACE('',(#215),#176,.T.);
#966=ADVANCED_FACE('',(#216),#914,.T.);
#967=ADVANCED_FACE('',(#217),#915,.T.);
#968=ADVANCED_FACE('',(#218),#177,.T.);
#969=ADVANCED_FACE('',(#219),#916,.F.);
#970=ADVANCED_FACE('',(#220),#178,.T.);
#971=ADVANCED_FACE('',(#221),#917,.T.);
#972=ADVANCED_FACE('',(#222),#918,.T.);
#973=ADVANCED_FACE('',(#223),#179,.T.);
#974=ADVANCED_FACE('',(#224),#919,.F.);
#975=ADVANCED_FACE('',(#225),#180,.T.);
#976=ADVANCED_FACE('',(#226),#920,.T.);
#977=ADVANCED_FACE('',(#227),#921,.T.);
#978=ADVANCED_FACE('',(#228),#181,.T.);
#979=ADVANCED_FACE('',(#229),#922,.F.);
#980=ADVANCED_FACE('',(#230),#182,.T.);
#981=ADVANCED_FACE('',(#231),#923,.T.);
#982=ADVANCED_FACE('',(#232),#183,.T.);
#983=ADVANCED_FACE('',(#233),#924,.T.);
#984=ADVANCED_FACE('',(#234),#925,.T.);
#985=ADVANCED_FACE('',(#235),#926,.F.);
#986=ADVANCED_FACE('',(#236),#184,.T.);
#987=ADVANCED_FACE('',(#237),#927,.T.);
#988=ADVANCED_FACE('',(#238),#185,.T.);
#989=ADVANCED_FACE('',(#239),#928,.T.);
#990=ADVANCED_FACE('',(#240),#929,.T.);
#991=ADVANCED_FACE('',(#241),#930,.F.);
#992=ADVANCED_FACE('',(#242),#186,.T.);
#993=ADVANCED_FACE('',(#243),#931,.T.);
#994=ADVANCED_FACE('',(#244),#187,.T.);
#995=ADVANCED_FACE('',(#245),#932,.T.);
#996=ADVANCED_FACE('',(#246),#933,.T.);
#997=ADVANCED_FACE('',(#247),#934,.F.);
#998=ADVANCED_FACE('',(#248),#188,.T.);
#999=ADVANCED_FACE('',(#249),#935,.T.);
#1000=ADVANCED_FACE('',(#250),#936,.F.);
#1001=ADVANCED_FACE('',(#251),#189,.T.);
#1002=ADVANCED_FACE('',(#252),#937,.T.);
#1003=ADVANCED_FACE('',(#253),#938,.F.);
#1004=ADVANCED_FACE('',(#254),#190,.T.);
#1005=ADVANCED_FACE('',(#255),#939,.T.);
#1006=ADVANCED_FACE('',(#256),#940,.F.);
#1007=CLOSED_SHELL('',(#941,#942,#943,#944,#945,#946,#947,#948,#949,#950));
#1008=CLOSED_SHELL('',(#951,#952,#953,#954,#955));
#1009=CLOSED_SHELL('',(#956,#957,#958,#959,#960,#961));
#1010=CLOSED_SHELL('',(#962,#963,#964));
#1011=CLOSED_SHELL('',(#965,#966,#967,#968,#969));
#1012=CLOSED_SHELL('',(#970,#971,#972,#973,#974));
#1013=CLOSED_SHELL('',(#975,#976,#977,#978,#979));
#1014=CLOSED_SHELL('',(#980,#981,#982,#983,#984,#985));
#1015=CLOSED_SHELL('',(#986,#987,#988,#989,#990,#991));
#1016=CLOSED_SHELL('',(#992,#993,#994,#995,#996,#997));
#1017=CLOSED_SHELL('',(#998,#999,#1000));
#1018=CLOSED_SHELL('',(#1001,#1002,#1003));
#1019=CLOSED_SHELL('',(#1004,#1005,#1006));
#1020=DERIVED_UNIT_ELEMENT(#1047,1.);
#1021=DERIVED_UNIT_ELEMENT(#2227,-3.);
#1022=DERIVED_UNIT_ELEMENT(#1047,1.);
#1023=DERIVED_UNIT_ELEMENT(#2227,-3.);
#1024=DERIVED_UNIT_ELEMENT(#1047,1.);
#1025=DERIVED_UNIT_ELEMENT(#2227,-3.);
#1026=DERIVED_UNIT_ELEMENT(#1047,1.);
#1027=DERIVED_UNIT_ELEMENT(#2227,-3.);
#1028=DERIVED_UNIT_ELEMENT(#1047,1.);
#1029=DERIVED_UNIT_ELEMENT(#2227,-3.);
#1030=DERIVED_UNIT_ELEMENT(#1047,1.);
#1031=DERIVED_UNIT_ELEMENT(#2227,-3.);
#1032=DERIVED_UNIT_ELEMENT(#1047,1.);
#1033=DERIVED_UNIT_ELEMENT(#2227,-3.);
#1034=DERIVED_UNIT_ELEMENT(#1047,1.);
#1035=DERIVED_UNIT_ELEMENT(#2227,-3.);
#1036=DERIVED_UNIT_ELEMENT(#1047,1.);
#1037=DERIVED_UNIT_ELEMENT(#2227,-3.);
#1038=DERIVED_UNIT_ELEMENT(#1047,1.);
#1039=DERIVED_UNIT_ELEMENT(#2227,-3.);
#1040=DERIVED_UNIT_ELEMENT(#1047,1.);
#1041=DERIVED_UNIT_ELEMENT(#2227,-3.);
#1042=DERIVED_UNIT_ELEMENT(#1047,1.);
#1043=DERIVED_UNIT_ELEMENT(#2227,-3.);
#1044=DERIVED_UNIT_ELEMENT(#1047,1.);
#1045=DERIVED_UNIT_ELEMENT(#2227,-3.);
#1046=DIMENSIONAL_EXPONENTS(0.,1.,0.,0.,0.,0.,0.);
#1047=(
CONVERSION_BASED_UNIT('gram',#1049)
MASS_UNIT()
NAMED_UNIT(#1046)
);
#1048=(
MASS_UNIT()
NAMED_UNIT(*)
SI_UNIT(.KILO.,.GRAM.)
);
#1049=MASS_MEASURE_WITH_UNIT(MASS_MEASURE(0.001),#1048);
#1050=DERIVED_UNIT((#1020,#1021));
#1051=DERIVED_UNIT((#1022,#1023));
#1052=DERIVED_UNIT((#1024,#1025));
#1053=DERIVED_UNIT((#1026,#1027));
#1054=DERIVED_UNIT((#1028,#1029));
#1055=DERIVED_UNIT((#1030,#1031));
#1056=DERIVED_UNIT((#1032,#1033));
#1057=DERIVED_UNIT((#1034,#1035));
#1058=DERIVED_UNIT((#1036,#1037));
#1059=DERIVED_UNIT((#1038,#1039));
#1060=DERIVED_UNIT((#1040,#1041));
#1061=DERIVED_UNIT((#1042,#1043));
#1062=DERIVED_UNIT((#1044,#1045));
#1063=MEASURE_REPRESENTATION_ITEM('density measure',
POSITIVE_RATIO_MEASURE(1.),#1050);
#1064=MEASURE_REPRESENTATION_ITEM('density measure',
POSITIVE_RATIO_MEASURE(1.),#1051);
#1065=MEASURE_REPRESENTATION_ITEM('density measure',
POSITIVE_RATIO_MEASURE(1.),#1052);
#1066=MEASURE_REPRESENTATION_ITEM('density measure',
POSITIVE_RATIO_MEASURE(1.),#1053);
#1067=MEASURE_REPRESENTATION_ITEM('density measure',
POSITIVE_RATIO_MEASURE(1.),#1054);
#1068=MEASURE_REPRESENTATION_ITEM('density measure',
POSITIVE_RATIO_MEASURE(1.),#1055);
#1069=MEASURE_REPRESENTATION_ITEM('density measure',
POSITIVE_RATIO_MEASURE(1.),#1056);
#1070=MEASURE_REPRESENTATION_ITEM('density measure',
POSITIVE_RATIO_MEASURE(1.),#1057);
#1071=MEASURE_REPRESENTATION_ITEM('density measure',
POSITIVE_RATIO_MEASURE(1.),#1058);
#1072=MEASURE_REPRESENTATION_ITEM('density measure',
POSITIVE_RATIO_MEASURE(1.),#1059);
#1073=MEASURE_REPRESENTATION_ITEM('density measure',
POSITIVE_RATIO_MEASURE(1.),#1060);
#1074=MEASURE_REPRESENTATION_ITEM('density measure',
POSITIVE_RATIO_MEASURE(1.),#1061);
#1075=MEASURE_REPRESENTATION_ITEM('density measure',
POSITIVE_RATIO_MEASURE(1.),#1062);
#1076=PROPERTY_DEFINITION_REPRESENTATION(#1141,#1102);
#1077=PROPERTY_DEFINITION_REPRESENTATION(#1142,#1103);
#1078=PROPERTY_DEFINITION_REPRESENTATION(#1143,#1104);
#1079=PROPERTY_DEFINITION_REPRESENTATION(#1144,#1105);
#1080=PROPERTY_DEFINITION_REPRESENTATION(#1145,#1106);
#1081=PROPERTY_DEFINITION_REPRESENTATION(#1146,#1107);
#1082=PROPERTY_DEFINITION_REPRESENTATION(#1147,#1108);
#1083=PROPERTY_DEFINITION_REPRESENTATION(#1148,#1109);
#1084=PROPERTY_DEFINITION_REPRESENTATION(#1149,#1110);
#1085=PROPERTY_DEFINITION_REPRESENTATION(#1150,#1111);
#1086=PROPERTY_DEFINITION_REPRESENTATION(#1151,#1112);
#1087=PROPERTY_DEFINITION_REPRESENTATION(#1152,#1113);
#1088=PROPERTY_DEFINITION_REPRESENTATION(#1153,#1114);
#1089=PROPERTY_DEFINITION_REPRESENTATION(#1154,#1115);
#1090=PROPERTY_DEFINITION_REPRESENTATION(#1155,#1116);
#1091=PROPERTY_DEFINITION_REPRESENTATION(#1156,#1117);
#1092=PROPERTY_DEFINITION_REPRESENTATION(#1157,#1118);
#1093=PROPERTY_DEFINITION_REPRESENTATION(#1158,#1119);
#1094=PROPERTY_DEFINITION_REPRESENTATION(#1159,#1120);
#1095=PROPERTY_DEFINITION_REPRESENTATION(#1160,#1121);
#1096=PROPERTY_DEFINITION_REPRESENTATION(#1161,#1122);
#1097=PROPERTY_DEFINITION_REPRESENTATION(#1162,#1123);
#1098=PROPERTY_DEFINITION_REPRESENTATION(#1163,#1124);
#1099=PROPERTY_DEFINITION_REPRESENTATION(#1164,#1125);
#1100=PROPERTY_DEFINITION_REPRESENTATION(#1165,#1126);
#1101=PROPERTY_DEFINITION_REPRESENTATION(#1166,#1127);
#1102=REPRESENTATION('material name',(#1128),#2212);
#1103=REPRESENTATION('density',(#1063),#2212);
#1104=REPRESENTATION('material name',(#1129),#2213);
#1105=REPRESENTATION('density',(#1064),#2213);
#1106=REPRESENTATION('material name',(#1130),#2214);
#1107=REPRESENTATION('density',(#1065),#2214);
#1108=REPRESENTATION('material name',(#1131),#2215);
#1109=REPRESENTATION('density',(#1066),#2215);
#1110=REPRESENTATION('material name',(#1132),#2216);
#1111=REPRESENTATION('density',(#1067),#2216);
#1112=REPRESENTATION('material name',(#1133),#2217);
#1113=REPRESENTATION('density',(#1068),#2217);
#1114=REPRESENTATION('material name',(#1134),#2218);
#1115=REPRESENTATION('density',(#1069),#2218);
#1116=REPRESENTATION('material name',(#1135),#2219);
#1117=REPRESENTATION('density',(#1070),#2219);
#1118=REPRESENTATION('material name',(#1136),#2220);
#1119=REPRESENTATION('density',(#1071),#2220);
#1120=REPRESENTATION('material name',(#1137),#2221);
#1121=REPRESENTATION('density',(#1072),#2221);
#1122=REPRESENTATION('material name',(#1138),#2222);
#1123=REPRESENTATION('density',(#1073),#2222);
#1124=REPRESENTATION('material name',(#1139),#2223);
#1125=REPRESENTATION('density',(#1074),#2223);
#1126=REPRESENTATION('material name',(#1140),#2224);
#1127=REPRESENTATION('density',(#1075),#2224);
#1128=DESCRIPTIVE_REPRESENTATION_ITEM('\X2\5E3889C4\X0\','\X2\5E3889C4\X0\');
#1129=DESCRIPTIVE_REPRESENTATION_ITEM('\X2\5E3889C4\X0\','\X2\5E3889C4\X0\');
#1130=DESCRIPTIVE_REPRESENTATION_ITEM('\X2\5E3889C4\X0\','\X2\5E3889C4\X0\');
#1131=DESCRIPTIVE_REPRESENTATION_ITEM('\X2\5E3889C4\X0\','\X2\5E3889C4\X0\');
#1132=DESCRIPTIVE_REPRESENTATION_ITEM('\X2\5E3889C4\X0\','\X2\5E3889C4\X0\');
#1133=DESCRIPTIVE_REPRESENTATION_ITEM('\X2\5E3889C4\X0\','\X2\5E3889C4\X0\');
#1134=DESCRIPTIVE_REPRESENTATION_ITEM('\X2\5E3889C4\X0\','\X2\5E3889C4\X0\');
#1135=DESCRIPTIVE_REPRESENTATION_ITEM('\X2\5E3889C4\X0\','\X2\5E3889C4\X0\');
#1136=DESCRIPTIVE_REPRESENTATION_ITEM('\X2\5E3889C4\X0\','\X2\5E3889C4\X0\');
#1137=DESCRIPTIVE_REPRESENTATION_ITEM('\X2\5E3889C4\X0\','\X2\5E3889C4\X0\');
#1138=DESCRIPTIVE_REPRESENTATION_ITEM('\X2\5E3889C4\X0\','\X2\5E3889C4\X0\');
#1139=DESCRIPTIVE_REPRESENTATION_ITEM('\X2\5E3889C4\X0\','\X2\5E3889C4\X0\');
#1140=DESCRIPTIVE_REPRESENTATION_ITEM('\X2\5E3889C4\X0\','\X2\5E3889C4\X0\');
#1141=PROPERTY_DEFINITION('material property','material name',#2287);
#1142=PROPERTY_DEFINITION('material property','density of part',#2287);
#1143=PROPERTY_DEFINITION('material property','material name',#2288);
#1144=PROPERTY_DEFINITION('material property','density of part',#2288);
#1145=PROPERTY_DEFINITION('material property','material name',#2289);
#1146=PROPERTY_DEFINITION('material property','density of part',#2289);
#1147=PROPERTY_DEFINITION('material property','material name',#2290);
#1148=PROPERTY_DEFINITION('material property','density of part',#2290);
#1149=PROPERTY_DEFINITION('material property','material name',#2291);
#1150=PROPERTY_DEFINITION('material property','density of part',#2291);
#1151=PROPERTY_DEFINITION('material property','material name',#2292);
#1152=PROPERTY_DEFINITION('material property','density of part',#2292);
#1153=PROPERTY_DEFINITION('material property','material name',#2293);
#1154=PROPERTY_DEFINITION('material property','density of part',#2293);
#1155=PROPERTY_DEFINITION('material property','material name',#2294);
#1156=PROPERTY_DEFINITION('material property','density of part',#2294);
#1157=PROPERTY_DEFINITION('material property','material name',#2295);
#1158=PROPERTY_DEFINITION('material property','density of part',#2295);
#1159=PROPERTY_DEFINITION('material property','material name',#2296);
#1160=PROPERTY_DEFINITION('material property','density of part',#2296);
#1161=PROPERTY_DEFINITION('material property','material name',#2297);
#1162=PROPERTY_DEFINITION('material property','density of part',#2297);
#1163=PROPERTY_DEFINITION('material property','material name',#2298);
#1164=PROPERTY_DEFINITION('material property','density of part',#2298);
#1165=PROPERTY_DEFINITION('material property','material name',#2299);
#1166=PROPERTY_DEFINITION('material property','density of part',#2299);
#1167=PRESENTATION_STYLE_ASSIGNMENT((#1168));
#1168=SURFACE_STYLE_USAGE(.BOTH.,#1171);
#1169=SURFACE_STYLE_RENDERING_WITH_PROPERTIES($,#1175,(#1170));
#1170=SURFACE_STYLE_TRANSPARENT(0.);
#1171=SURFACE_SIDE_STYLE('',(#1172,#1169));
#1172=SURFACE_STYLE_FILL_AREA(#1173);
#1173=FILL_AREA_STYLE('',(#1174));
#1174=FILL_AREA_STYLE_COLOUR('',#1175);
#1175=COLOUR_RGB('',0.749019607843137,0.749019607843137,0.749019607843137);
#1176=DATE_TIME_ROLE('creation_date');
#1177=DATE_TIME_ROLE('creation_date');
#1178=DATE_TIME_ROLE('creation_date');
#1179=DATE_TIME_ROLE('creation_date');
#1180=DATE_TIME_ROLE('creation_date');
#1181=DATE_TIME_ROLE('creation_date');
#1182=DATE_TIME_ROLE('creation_date');
#1183=DATE_TIME_ROLE('creation_date');
#1184=DATE_TIME_ROLE('creation_date');
#1185=DATE_TIME_ROLE('creation_date');
#1186=DATE_TIME_ROLE('creation_date');
#1187=DATE_TIME_ROLE('creation_date');
#1188=DATE_TIME_ROLE('creation_date');
#1189=DATE_TIME_ROLE('creation_date');
#1190=APPLIED_DATE_AND_TIME_ASSIGNMENT(#1204,#1176,(#2286));
#1191=APPLIED_DATE_AND_TIME_ASSIGNMENT(#1205,#1177,(#2287));
#1192=APPLIED_DATE_AND_TIME_ASSIGNMENT(#1206,#1178,(#2288));
#1193=APPLIED_DATE_AND_TIME_ASSIGNMENT(#1207,#1179,(#2289));
#1194=APPLIED_DATE_AND_TIME_ASSIGNMENT(#1208,#1180,(#2290));
#1195=APPLIED_DATE_AND_TIME_ASSIGNMENT(#1209,#1181,(#2291));
#1196=APPLIED_DATE_AND_TIME_ASSIGNMENT(#1210,#1182,(#2292));
#1197=APPLIED_DATE_AND_TIME_ASSIGNMENT(#1211,#1183,(#2293));
#1198=APPLIED_DATE_AND_TIME_ASSIGNMENT(#1212,#1184,(#2294));
#1199=APPLIED_DATE_AND_TIME_ASSIGNMENT(#1213,#1185,(#2295));
#1200=APPLIED_DATE_AND_TIME_ASSIGNMENT(#1214,#1186,(#2296));
#1201=APPLIED_DATE_AND_TIME_ASSIGNMENT(#1215,#1187,(#2297));
#1202=APPLIED_DATE_AND_TIME_ASSIGNMENT(#1216,#1188,(#2298));
#1203=APPLIED_DATE_AND_TIME_ASSIGNMENT(#1217,#1189,(#2299));
#1204=DATE_AND_TIME(#1218,#1232);
#1205=DATE_AND_TIME(#1219,#1233);
#1206=DATE_AND_TIME(#1220,#1234);
#1207=DATE_AND_TIME(#1221,#1235);
#1208=DATE_AND_TIME(#1222,#1236);
#1209=DATE_AND_TIME(#1223,#1237);
#1210=DATE_AND_TIME(#1224,#1238);
#1211=DATE_AND_TIME(#1225,#1239);
#1212=DATE_AND_TIME(#1226,#1240);
#1213=DATE_AND_TIME(#1227,#1241);
#1214=DATE_AND_TIME(#1228,#1242);
#1215=DATE_AND_TIME(#1229,#1243);
#1216=DATE_AND_TIME(#1230,#1244);
#1217=DATE_AND_TIME(#1231,#1245);
#1218=CALENDAR_DATE(2026,8,3);
#1219=CALENDAR_DATE(2026,8,3);
#1220=CALENDAR_DATE(2026,8,3);
#1221=CALENDAR_DATE(2026,8,3);
#1222=CALENDAR_DATE(2026,8,3);
#1223=CALENDAR_DATE(2026,8,3);
#1224=CALENDAR_DATE(2026,8,3);
#1225=CALENDAR_DATE(2026,8,3);
#1226=CALENDAR_DATE(2026,8,3);
#1227=CALENDAR_DATE(2026,8,3);
#1228=CALENDAR_DATE(2026,8,3);
#1229=CALENDAR_DATE(2026,8,3);
#1230=CALENDAR_DATE(2026,8,3);
#1231=CALENDAR_DATE(2026,8,3);
#1232=LOCAL_TIME(0,0,0.,#1246);
#1233=LOCAL_TIME(0,0,0.,#1247);
#1234=LOCAL_TIME(0,0,0.,#1248);
#1235=LOCAL_TIME(0,0,0.,#1249);
#1236=LOCAL_TIME(0,0,0.,#1250);
#1237=LOCAL_TIME(0,0,0.,#1251);
#1238=LOCAL_TIME(0,0,0.,#1252);
#1239=LOCAL_TIME(0,0,0.,#1253);
#1240=LOCAL_TIME(0,0,0.,#1254);
#1241=LOCAL_TIME(0,0,0.,#1255);
#1242=LOCAL_TIME(0,0,0.,#1256);
#1243=LOCAL_TIME(0,0,0.,#1257);
#1244=LOCAL_TIME(0,0,0.,#1258);
#1245=LOCAL_TIME(0,0,0.,#1259);
#1246=COORDINATED_UNIVERSAL_TIME_OFFSET(0,0,.BEHIND.);
#1247=COORDINATED_UNIVERSAL_TIME_OFFSET(0,0,.BEHIND.);
#1248=COORDINATED_UNIVERSAL_TIME_OFFSET(0,0,.BEHIND.);
#1249=COORDINATED_UNIVERSAL_TIME_OFFSET(0,0,.BEHIND.);
#1250=COORDINATED_UNIVERSAL_TIME_OFFSET(0,0,.BEHIND.);
#1251=COORDINATED_UNIVERSAL_TIME_OFFSET(0,0,.BEHIND.);
#1252=COORDINATED_UNIVERSAL_TIME_OFFSET(0,0,.BEHIND.);
#1253=COORDINATED_UNIVERSAL_TIME_OFFSET(0,0,.BEHIND.);
#1254=COORDINATED_UNIVERSAL_TIME_OFFSET(0,0,.BEHIND.);
#1255=COORDINATED_UNIVERSAL_TIME_OFFSET(0,0,.BEHIND.);
#1256=COORDINATED_UNIVERSAL_TIME_OFFSET(0,0,.BEHIND.);
#1257=COORDINATED_UNIVERSAL_TIME_OFFSET(0,0,.BEHIND.);
#1258=COORDINATED_UNIVERSAL_TIME_OFFSET(0,0,.BEHIND.);
#1259=COORDINATED_UNIVERSAL_TIME_OFFSET(0,0,.BEHIND.);
#1260=AXIS2_PLACEMENT_3D('',#1751,#1401,#1402);
#1261=AXIS2_PLACEMENT_3D('',#1752,#1403,#1404);
#1262=AXIS2_PLACEMENT_3D('',#1753,#1405,#1406);
#1263=AXIS2_PLACEMENT_3D('',#1762,#1411,#1412);
#1264=AXIS2_PLACEMENT_3D('',#1764,#1413,#1414);
#1265=AXIS2_PLACEMENT_3D('',#1766,#1415,#1416);
#1266=AXIS2_PLACEMENT_3D('',#1768,#1418,#1419);
#1267=AXIS2_PLACEMENT_3D('',#1774,#1423,#1424);
#1268=AXIS2_PLACEMENT_3D('',#1776,#1425,#1426);
#1269=AXIS2_PLACEMENT_3D('',#1778,#1427,#1428);
#1270=AXIS2_PLACEMENT_3D('',#1780,#1430,#1431);
#1271=AXIS2_PLACEMENT_3D('',#1786,#1435,#1436);
#1272=AXIS2_PLACEMENT_3D('',#1788,#1437,#1438);
#1273=AXIS2_PLACEMENT_3D('',#1790,#1439,#1440);
#1274=AXIS2_PLACEMENT_3D('',#1792,#1442,#1443);
#1275=AXIS2_PLACEMENT_3D('',#1798,#1447,#1448);
#1276=AXIS2_PLACEMENT_3D('',#1799,#1449,#1450);
#1277=AXIS2_PLACEMENT_3D('',#1800,#1451,#1452);
#1278=AXIS2_PLACEMENT_3D('',#1801,#1453,#1454);
#1279=AXIS2_PLACEMENT_3D('',#1802,#1455,#1456);
#1280=AXIS2_PLACEMENT_3D('',#1803,#1457,#1458);
#1281=AXIS2_PLACEMENT_3D('',#1804,#1459,#1460);
#1282=AXIS2_PLACEMENT_3D('',#1809,#1462,#1463);
#1283=AXIS2_PLACEMENT_3D('',#1851,#1465,#1466);
#1284=AXIS2_PLACEMENT_3D('',#1853,#1468,#1469);
#1285=AXIS2_PLACEMENT_3D('',#1855,#1470,#1471);
#1286=AXIS2_PLACEMENT_3D('',#1856,#1472,#1473);
#1287=AXIS2_PLACEMENT_3D('',#1857,#1474,#1475);
#1288=AXIS2_PLACEMENT_3D('',#1860,#1477,#1478);
#1289=AXIS2_PLACEMENT_3D('',#1861,#1479,#1480);
#1290=AXIS2_PLACEMENT_3D('',#1862,#1481,#1482);
#1291=AXIS2_PLACEMENT_3D('',#1863,#1483,#1484);
#1292=AXIS2_PLACEMENT_3D('',#1866,#1485,#1486);
#1293=AXIS2_PLACEMENT_3D('',#1870,#1488,#1489);
#1294=AXIS2_PLACEMENT_3D('',#1872,#1491,#1492);
#1295=AXIS2_PLACEMENT_3D('',#1878,#1496,#1497);
#1296=AXIS2_PLACEMENT_3D('',#1880,#1498,#1499);
#1297=AXIS2_PLACEMENT_3D('',#1882,#1500,#1501);
#1298=AXIS2_PLACEMENT_3D('',#1884,#1503,#1504);
#1299=AXIS2_PLACEMENT_3D('',#1887,#1507,#1508);
#1300=AXIS2_PLACEMENT_3D('',#1888,#1509,#1510);
#1301=AXIS2_PLACEMENT_3D('',#1889,#1511,#1512);
#1302=AXIS2_PLACEMENT_3D('',#1890,#1513,#1514);
#1303=AXIS2_PLACEMENT_3D('',#1892,#1515,#1516);
#1304=AXIS2_PLACEMENT_3D('',#1895,#1518,#1519);
#1305=AXIS2_PLACEMENT_3D('',#1896,#1520,#1521);
#1306=AXIS2_PLACEMENT_3D('',#1897,#1522,#1523);
#1307=AXIS2_PLACEMENT_3D('',#1898,#1524,#1525);
#1308=AXIS2_PLACEMENT_3D('',#1899,#1526,#1527);
#1309=AXIS2_PLACEMENT_3D('',#1904,#1529,#1530);
#1310=AXIS2_PLACEMENT_3D('',#1946,#1532,#1533);
#1311=AXIS2_PLACEMENT_3D('',#1948,#1535,#1536);
#1312=AXIS2_PLACEMENT_3D('',#1950,#1537,#1538);
#1313=AXIS2_PLACEMENT_3D('',#1951,#1539,#1540);
#1314=AXIS2_PLACEMENT_3D('',#1952,#1541,#1542);
#1315=AXIS2_PLACEMENT_3D('',#1955,#1544,#1545);
#1316=AXIS2_PLACEMENT_3D('',#1956,#1546,#1547);
#1317=AXIS2_PLACEMENT_3D('',#1957,#1548,#1549);
#1318=AXIS2_PLACEMENT_3D('',#1958,#1550,#1551);
#1319=AXIS2_PLACEMENT_3D('',#1963,#1553,#1554);
#1320=AXIS2_PLACEMENT_3D('',#2005,#1556,#1557);
#1321=AXIS2_PLACEMENT_3D('',#2007,#1559,#1560);
#1322=AXIS2_PLACEMENT_3D('',#2009,#1561,#1562);
#1323=AXIS2_PLACEMENT_3D('',#2010,#1563,#1564);
#1324=AXIS2_PLACEMENT_3D('',#2011,#1565,#1566);
#1325=AXIS2_PLACEMENT_3D('',#2014,#1568,#1569);
#1326=AXIS2_PLACEMENT_3D('',#2015,#1570,#1571);
#1327=AXIS2_PLACEMENT_3D('',#2016,#1572,#1573);
#1328=AXIS2_PLACEMENT_3D('',#2017,#1574,#1575);
#1329=AXIS2_PLACEMENT_3D('',#2022,#1577,#1578);
#1330=AXIS2_PLACEMENT_3D('',#2064,#1580,#1581);
#1331=AXIS2_PLACEMENT_3D('',#2066,#1583,#1584);
#1332=AXIS2_PLACEMENT_3D('',#2068,#1585,#1586);
#1333=AXIS2_PLACEMENT_3D('',#2069,#1587,#1588);
#1334=AXIS2_PLACEMENT_3D('',#2070,#1589,#1590);
#1335=AXIS2_PLACEMENT_3D('',#2073,#1592,#1593);
#1336=AXIS2_PLACEMENT_3D('',#2074,#1594,#1595);
#1337=AXIS2_PLACEMENT_3D('',#2075,#1596,#1597);
#1338=AXIS2_PLACEMENT_3D('',#2076,#1598,#1599);
#1339=AXIS2_PLACEMENT_3D('',#2079,#1600,#1601);
#1340=AXIS2_PLACEMENT_3D('',#2083,#1603,#1604);
#1341=AXIS2_PLACEMENT_3D('',#2085,#1606,#1607);
#1342=AXIS2_PLACEMENT_3D('',#2091,#1611,#1612);
#1343=AXIS2_PLACEMENT_3D('',#2093,#1613,#1614);
#1344=AXIS2_PLACEMENT_3D('',#2095,#1615,#1616);
#1345=AXIS2_PLACEMENT_3D('',#2097,#1618,#1619);
#1346=AXIS2_PLACEMENT_3D('',#2100,#1622,#1623);
#1347=AXIS2_PLACEMENT_3D('',#2101,#1624,#1625);
#1348=AXIS2_PLACEMENT_3D('',#2102,#1626,#1627);
#1349=AXIS2_PLACEMENT_3D('',#2103,#1628,#1629);
#1350=AXIS2_PLACEMENT_3D('',#2106,#1630,#1631);
#1351=AXIS2_PLACEMENT_3D('',#2110,#1633,#1634);
#1352=AXIS2_PLACEMENT_3D('',#2112,#1636,#1637);
#1353=AXIS2_PLACEMENT_3D('',#2118,#1641,#1642);
#1354=AXIS2_PLACEMENT_3D('',#2120,#1643,#1644);
#1355=AXIS2_PLACEMENT_3D('',#2122,#1645,#1646);
#1356=AXIS2_PLACEMENT_3D('',#2124,#1648,#1649);
#1357=AXIS2_PLACEMENT_3D('',#2127,#1652,#1653);
#1358=AXIS2_PLACEMENT_3D('',#2128,#1654,#1655);
#1359=AXIS2_PLACEMENT_3D('',#2129,#1656,#1657);
#1360=AXIS2_PLACEMENT_3D('',#2130,#1658,#1659);
#1361=AXIS2_PLACEMENT_3D('',#2133,#1660,#1661);
#1362=AXIS2_PLACEMENT_3D('',#2137,#1663,#1664);
#1363=AXIS2_PLACEMENT_3D('',#2139,#1666,#1667);
#1364=AXIS2_PLACEMENT_3D('',#2145,#1671,#1672);
#1365=AXIS2_PLACEMENT_3D('',#2147,#1673,#1674);
#1366=AXIS2_PLACEMENT_3D('',#2149,#1675,#1676);
#1367=AXIS2_PLACEMENT_3D('',#2151,#1678,#1679);
#1368=AXIS2_PLACEMENT_3D('',#2154,#1682,#1683);
#1369=AXIS2_PLACEMENT_3D('',#2155,#1684,#1685);
#1370=AXIS2_PLACEMENT_3D('',#2156,#1686,#1687);
#1371=AXIS2_PLACEMENT_3D('',#2157,#1688,#1689);
#1372=AXIS2_PLACEMENT_3D('',#2159,#1690,#1691);
#1373=AXIS2_PLACEMENT_3D('',#2162,#1693,#1694);
#1374=AXIS2_PLACEMENT_3D('',#2163,#1695,#1696);
#1375=AXIS2_PLACEMENT_3D('',#2164,#1697,#1698);
#1376=AXIS2_PLACEMENT_3D('',#2165,#1699,#1700);
#1377=AXIS2_PLACEMENT_3D('',#2166,#1701,#1702);
#1378=AXIS2_PLACEMENT_3D('',#2168,#1703,#1704);
#1379=AXIS2_PLACEMENT_3D('',#2171,#1706,#1707);
#1380=AXIS2_PLACEMENT_3D('',#2172,#1708,#1709);
#1381=AXIS2_PLACEMENT_3D('',#2173,#1710,#1711);
#1382=AXIS2_PLACEMENT_3D('',#2174,#1712,#1713);
#1383=AXIS2_PLACEMENT_3D('',#2175,#1714,#1715);
#1384=AXIS2_PLACEMENT_3D('',#2177,#1716,#1717);
#1385=AXIS2_PLACEMENT_3D('',#2180,#1719,#1720);
#1386=AXIS2_PLACEMENT_3D('',#2181,#1721,#1722);
#1387=AXIS2_PLACEMENT_3D('',#2182,#1723,#1724);
#1388=AXIS2_PLACEMENT_3D('',#2183,#1725,#1726);
#1389=AXIS2_PLACEMENT_3D('',#2184,#1727,#1728);
#1390=AXIS2_PLACEMENT_3D('',#2185,#1729,#1730);
#1391=AXIS2_PLACEMENT_3D('',#2186,#1731,#1732);
#1392=AXIS2_PLACEMENT_3D('',#2187,#1733,#1734);
#1393=AXIS2_PLACEMENT_3D('',#2188,#1735,#1736);
#1394=AXIS2_PLACEMENT_3D('',#2189,#1737,#1738);
#1395=AXIS2_PLACEMENT_3D('',#2190,#1739,#1740);
#1396=AXIS2_PLACEMENT_3D('',#2191,#1741,#1742);
#1397=AXIS2_PLACEMENT_3D('',#2192,#1743,#1744);
#1398=AXIS2_PLACEMENT_3D('',#2193,#1745,#1746);
#1399=AXIS2_PLACEMENT_3D('',#2194,#1747,#1748);
#1400=AXIS2_PLACEMENT_3D('',#2195,#1749,#1750);
#1401=DIRECTION('axis',(0.,0.,1.));
#1402=DIRECTION('refdir',(1.,0.,0.));
#1403=DIRECTION('axis',(0.,0.,1.));
#1404=DIRECTION('refdir',(1.,0.,0.));
#1405=DIRECTION('center_axis',(0.,0.,1.));
#1406=DIRECTION('ref_axis',(1.,0.,0.));
#1407=DIRECTION('',(1.,0.,0.));
#1408=DIRECTION('',(0.,1.,0.));
#1409=DIRECTION('',(1.,0.,0.));
#1410=DIRECTION('',(0.,1.,0.));
#1411=DIRECTION('center_axis',(0.,1.,0.));
#1412=DIRECTION('ref_axis',(-1.,0.,0.));
#1413=DIRECTION('center_axis',(0.,1.,0.));
#1414=DIRECTION('ref_axis',(-1.,0.,0.));
#1415=DIRECTION('center_axis',(0.,1.,0.));
#1416=DIRECTION('ref_axis',(-1.,0.,0.));
#1417=DIRECTION('',(0.,1.,0.));
#1418=DIRECTION('center_axis',(-1.,0.,0.));
#1419=DIRECTION('ref_axis',(0.,0.,1.));
#1420=DIRECTION('',(0.,0.,1.));
#1421=DIRECTION('',(0.,0.,1.));
#1422=DIRECTION('',(0.,1.,0.));
#1423=DIRECTION('center_axis',(0.,1.,0.));
#1424=DIRECTION('ref_axis',(-1.,0.,0.));
#1425=DIRECTION('center_axis',(0.,1.,0.));
#1426=DIRECTION('ref_axis',(-1.,0.,0.));
#1427=DIRECTION('center_axis',(0.,1.,0.));
#1428=DIRECTION('ref_axis',(-1.,0.,0.));
#1429=DIRECTION('',(0.,1.,0.));
#1430=DIRECTION('center_axis',(0.,0.,-1.));
#1431=DIRECTION('ref_axis',(-1.,0.,0.));
#1432=DIRECTION('',(-1.,0.,0.));
#1433=DIRECTION('',(-1.,0.,0.));
#1434=DIRECTION('',(0.,1.,0.));
#1435=DIRECTION('center_axis',(0.,1.,0.));
#1436=DIRECTION('ref_axis',(0.707106781186547,0.,-0.707106781186548));
#1437=DIRECTION('center_axis',(0.,1.,0.));
#1438=DIRECTION('ref_axis',(-1.,0.,0.));
#1439=DIRECTION('center_axis',(0.,1.,0.));
#1440=DIRECTION('ref_axis',(-1.,0.,0.));
#1441=DIRECTION('',(0.,1.,0.));
#1442=DIRECTION('center_axis',(1.,0.,-1.84627138061079E-16));
#1443=DIRECTION('ref_axis',(-1.84627138061079E-16,0.,-1.));
#1444=DIRECTION('',(-1.84627138061079E-16,0.,-1.));
#1445=DIRECTION('',(-1.84627138061079E-16,0.,-1.));
#1446=DIRECTION('',(0.,1.,0.));
#1447=DIRECTION('center_axis',(0.,1.,0.));
#1448=DIRECTION('ref_axis',(0.707106781186547,0.,0.707106781186548));
#1449=DIRECTION('center_axis',(0.,1.,0.));
#1450=DIRECTION('ref_axis',(-1.,0.,0.));
#1451=DIRECTION('center_axis',(0.,1.,0.));
#1452=DIRECTION('ref_axis',(-1.,0.,0.));
#1453=DIRECTION('center_axis',(0.,1.,0.));
#1454=DIRECTION('ref_axis',(0.,0.,1.));
#1455=DIRECTION('center_axis',(0.,1.,0.));
#1456=DIRECTION('ref_axis',(0.,0.,1.));
#1457=DIRECTION('axis',(0.,0.,1.));
#1458=DIRECTION('refdir',(1.,0.,0.));
#1459=DIRECTION('center_axis',(-0.707106781186548,0.,-0.707106781186547));
#1460=DIRECTION('ref_axis',(-7.40148683083438E-17,1.,7.40148683083438E-17));
#1461=DIRECTION('',(-0.707106781186548,0.,-0.707106781186547));
#1462=DIRECTION('center_axis',(0.707106781186548,0.,0.707106781186547));
#1463=DIRECTION('ref_axis',(0.707106781186547,0.,-0.707106781186548));
#1464=DIRECTION('',(0.707106781186548,0.,0.707106781186547));
#1465=DIRECTION('center_axis',(0.707106781186548,0.,0.707106781186547));
#1466=DIRECTION('ref_axis',(-0.707106781186547,0.,0.707106781186548));
#1467=DIRECTION('',(-0.707106781186547,0.,0.707106781186548));
#1468=DIRECTION('center_axis',(0.,-1.,0.));
#1469=DIRECTION('ref_axis',(0.,0.,-1.));
#1470=DIRECTION('center_axis',(0.,-1.,0.));
#1471=DIRECTION('ref_axis',(1.,0.,0.));
#1472=DIRECTION('center_axis',(0.,-1.,0.));
#1473=DIRECTION('ref_axis',(1.,0.,0.));
#1474=DIRECTION('center_axis',(0.,-1.,0.));
#1475=DIRECTION('ref_axis',(1.,0.,0.));
#1476=DIRECTION('',(0.,1.,0.));
#1477=DIRECTION('center_axis',(0.,1.,0.));
#1478=DIRECTION('ref_axis',(-1.,0.,0.));
#1479=DIRECTION('center_axis',(0.,-1.,0.));
#1480=DIRECTION('ref_axis',(0.,0.,-1.));
#1481=DIRECTION('axis',(0.,0.,1.));
#1482=DIRECTION('refdir',(1.,0.,0.));
#1483=DIRECTION('center_axis',(-0.707106781186549,0.,-0.707106781186546));
#1484=DIRECTION('ref_axis',(-2.96059473233375E-16,1.,4.25585492772976E-16));
#1485=DIRECTION('center_axis',(0.707106781186548,2.77555756156289E-17,0.707106781186547));
#1486=DIRECTION('ref_axis',(0.527046276694729,-0.666666666666668,-0.52704627669473));
#1487=DIRECTION('',(-0.707106781186549,0.,-0.707106781186546));
#1488=DIRECTION('center_axis',(-0.707106781186548,-2.77555756156289E-17,
-0.707106781186547));
#1489=DIRECTION('ref_axis',(0.527046276694729,-0.666666666666668,-0.52704627669473));
#1490=DIRECTION('',(-0.707106781186549,0.,-0.707106781186546));
#1491=DIRECTION('center_axis',(-0.707106781186546,-1.1842378929335E-16,
0.707106781186549));
#1492=DIRECTION('ref_axis',(-8.37382644631346E-17,1.,8.37382644631348E-17));
#1493=DIRECTION('',(8.37382644631346E-17,-1.,-8.37382644631348E-17));
#1494=DIRECTION('',(-8.37382644631346E-17,1.,8.37382644631348E-17));
#1495=DIRECTION('',(-0.707106781186549,0.,-0.707106781186546));
#1496=DIRECTION('center_axis',(-0.707106781186549,0.,-0.707106781186546));
#1497=DIRECTION('ref_axis',(-0.707106781186546,0.,0.707106781186549));
#1498=DIRECTION('center_axis',(0.707106781186548,0.,0.707106781186547));
#1499=DIRECTION('ref_axis',(-0.707106781186547,0.,0.707106781186548));
#1500=DIRECTION('center_axis',(-0.707106781186548,0.,-0.707106781186547));
#1501=DIRECTION('ref_axis',(-0.707106781186547,0.,0.707106781186548));
#1502=DIRECTION('',(-0.707106781186549,0.,-0.707106781186546));
#1503=DIRECTION('center_axis',(0.707106781186546,5.9211894646675E-17,-0.707106781186549));
#1504=DIRECTION('ref_axis',(4.18691322315673E-17,-1.,-4.18691322315674E-17));
#1505=DIRECTION('',(-4.18691322315673E-17,1.,4.18691322315674E-17));
#1506=DIRECTION('',(4.18691322315673E-17,-1.,-4.18691322315674E-17));
#1507=DIRECTION('center_axis',(0.707106781186548,0.,0.707106781186547));
#1508=DIRECTION('ref_axis',(0.707106781186547,0.,-0.707106781186548));
#1509=DIRECTION('center_axis',(0.707106781186548,0.,0.707106781186547));
#1510=DIRECTION('ref_axis',(0.707106781186547,0.,-0.707106781186548));
#1511=DIRECTION('axis',(0.,0.,1.));
#1512=DIRECTION('refdir',(1.,0.,0.));
#1513=DIRECTION('center_axis',(0.707106781186548,0.,0.707106781186547));
#1514=DIRECTION('ref_axis',(0.707106781186547,0.,-0.707106781186548));
#1515=DIRECTION('center_axis',(0.707106781186548,0.,0.707106781186547));
#1516=DIRECTION('ref_axis',(0.707106781186546,0.,-0.707106781186548));
#1517=DIRECTION('',(-0.707106781186548,0.,-0.707106781186547));
#1518=DIRECTION('center_axis',(0.707106781186548,0.,0.707106781186547));
#1519=DIRECTION('ref_axis',(0.707106781186546,0.,-0.707106781186548));
#1520=DIRECTION('center_axis',(0.707106781186548,0.,0.707106781186547));
#1521=DIRECTION('ref_axis',(0.707106781186547,0.,-0.707106781186548));
#1522=DIRECTION('center_axis',(0.707106781186548,0.,0.707106781186547));
#1523=DIRECTION('ref_axis',(0.707106781186547,0.,-0.707106781186548));
#1524=DIRECTION('axis',(0.,0.,1.));
#1525=DIRECTION('refdir',(1.,0.,0.));
#1526=DIRECTION('center_axis',(-0.707106781186547,0.,0.707106781186549));
#1527=DIRECTION('ref_axis',(7.40148683083438E-16,1.,8.88178419700125E-16));
#1528=DIRECTION('',(-0.707106781186547,0.,0.707106781186549));
#1529=DIRECTION('center_axis',(0.707106781186547,0.,-0.707106781186549));
#1530=DIRECTION('ref_axis',(-0.707106781186549,0.,-0.707106781186547));
#1531=DIRECTION('',(0.707106781186547,0.,-0.707106781186549));
#1532=DIRECTION('center_axis',(0.707106781186547,0.,-0.707106781186549));
#1533=DIRECTION('ref_axis',(0.707106781186548,0.,0.707106781186546));
#1534=DIRECTION('',(0.707106781186548,0.,0.707106781186546));
#1535=DIRECTION('center_axis',(0.,-1.,0.));
#1536=DIRECTION('ref_axis',(-1.,0.,2.22044604925031E-16));
#1537=DIRECTION('center_axis',(0.,-1.,0.));
#1538=DIRECTION('ref_axis',(-2.22044604925031E-16,0.,-1.));
#1539=DIRECTION('center_axis',(0.,-1.,0.));
#1540=DIRECTION('ref_axis',(-2.22044604925031E-16,0.,-1.));
#1541=DIRECTION('center_axis',(0.,-1.,0.));
#1542=DIRECTION('ref_axis',(-2.22044604925031E-16,0.,-1.));
#1543=DIRECTION('',(0.,1.,0.));
#1544=DIRECTION('center_axis',(0.,1.,0.));
#1545=DIRECTION('ref_axis',(2.22044604925031E-16,0.,1.));
#1546=DIRECTION('center_axis',(0.,-1.,0.));
#1547=DIRECTION('ref_axis',(-1.,0.,2.22044604925031E-16));
#1548=DIRECTION('axis',(0.,0.,1.));
#1549=DIRECTION('refdir',(1.,0.,0.));
#1550=DIRECTION('center_axis',(0.707106781186548,0.,0.707106781186547));
#1551=DIRECTION('ref_axis',(7.40148683083438E-17,1.,-1.48029736616688E-16));
#1552=DIRECTION('',(0.707106781186548,0.,0.707106781186547));
#1553=DIRECTION('center_axis',(-0.707106781186548,0.,-0.707106781186547));
#1554=DIRECTION('ref_axis',(-0.707106781186547,0.,0.707106781186548));
#1555=DIRECTION('',(-0.707106781186548,0.,-0.707106781186547));
#1556=DIRECTION('center_axis',(-0.707106781186548,0.,-0.707106781186547));
#1557=DIRECTION('ref_axis',(0.707106781186547,0.,-0.707106781186548));
#1558=DIRECTION('',(0.707106781186547,0.,-0.707106781186548));
#1559=DIRECTION('center_axis',(0.,-1.,0.));
#1560=DIRECTION('ref_axis',(-1.22464679914735E-16,0.,1.));
#1561=DIRECTION('center_axis',(0.,-1.,0.));
#1562=DIRECTION('ref_axis',(-1.,0.,-1.22464679914735E-16));
#1563=DIRECTION('center_axis',(0.,-1.,0.));
#1564=DIRECTION('ref_axis',(-1.,0.,-1.22464679914735E-16));
#1565=DIRECTION('center_axis',(0.,-1.,0.));
#1566=DIRECTION('ref_axis',(-1.,0.,-1.22464679914735E-16));
#1567=DIRECTION('',(0.,1.,0.));
#1568=DIRECTION('center_axis',(0.,1.,0.));
#1569=DIRECTION('ref_axis',(1.,0.,1.22464679914735E-16));
#1570=DIRECTION('center_axis',(0.,-1.,0.));
#1571=DIRECTION('ref_axis',(-1.22464679914735E-16,0.,1.));
#1572=DIRECTION('axis',(0.,0.,1.));
#1573=DIRECTION('refdir',(1.,0.,0.));
#1574=DIRECTION('center_axis',(0.707106781186547,0.,-0.707106781186548));
#1575=DIRECTION('ref_axis',(-1.48029736616688E-16,1.,-7.40148683083438E-17));
#1576=DIRECTION('',(0.707106781186547,0.,-0.707106781186548));
#1577=DIRECTION('center_axis',(-0.707106781186547,0.,0.707106781186548));
#1578=DIRECTION('ref_axis',(0.707106781186548,0.,0.707106781186547));
#1579=DIRECTION('',(-0.707106781186547,0.,0.707106781186548));
#1580=DIRECTION('center_axis',(-0.707106781186547,0.,0.707106781186548));
#1581=DIRECTION('ref_axis',(-0.707106781186548,0.,-0.707106781186547));
#1582=DIRECTION('',(-0.707106781186548,0.,-0.707106781186547));
#1583=DIRECTION('center_axis',(0.,-1.,0.));
#1584=DIRECTION('ref_axis',(1.,0.,2.22044604925031E-16));
#1585=DIRECTION('center_axis',(0.,-1.,0.));
#1586=DIRECTION('ref_axis',(-2.22044604925031E-16,0.,1.));
#1587=DIRECTION('center_axis',(0.,-1.,0.));
#1588=DIRECTION('ref_axis',(-2.22044604925031E-16,0.,1.));
#1589=DIRECTION('center_axis',(0.,-1.,0.));
#1590=DIRECTION('ref_axis',(-2.22044604925031E-16,0.,1.));
#1591=DIRECTION('',(0.,1.,0.));
#1592=DIRECTION('center_axis',(0.,1.,0.));
#1593=DIRECTION('ref_axis',(2.22044604925031E-16,0.,-1.));
#1594=DIRECTION('center_axis',(0.,-1.,0.));
#1595=DIRECTION('ref_axis',(1.,0.,2.22044604925031E-16));
#1596=DIRECTION('axis',(0.,0.,1.));
#1597=DIRECTION('refdir',(1.,0.,0.));
#1598=DIRECTION('center_axis',(-0.707106781186546,0.,0.707106781186549));
#1599=DIRECTION('ref_axis',(-4.44089209850062E-16,1.,-1.66533453693773E-16));
#1600=DIRECTION('center_axis',(0.707106781186547,2.77555756156289E-17,-0.707106781186548));
#1601=DIRECTION('ref_axis',(-0.52704627669473,-0.666666666666668,-0.527046276694728));
#1602=DIRECTION('',(-0.707106781186546,0.,0.707106781186549));
#1603=DIRECTION('center_axis',(-0.707106781186547,-2.77555756156289E-17,
0.707106781186548));
#1604=DIRECTION('ref_axis',(-0.52704627669473,-0.666666666666668,-0.527046276694728));
#1605=DIRECTION('',(-0.707106781186546,0.,0.707106781186549));
#1606=DIRECTION('center_axis',(0.707106781186549,-1.1842378929335E-16,0.707106781186546));
#1607=DIRECTION('ref_axis',(8.37382644631348E-17,1.,8.37382644631345E-17));
#1608=DIRECTION('',(-8.37382644631348E-17,-1.,-8.37382644631345E-17));
#1609=DIRECTION('',(8.37382644631348E-17,1.,8.37382644631345E-17));
#1610=DIRECTION('',(-0.707106781186546,0.,0.707106781186549));
#1611=DIRECTION('center_axis',(-0.707106781186546,0.,0.707106781186549));
#1612=DIRECTION('ref_axis',(0.707106781186549,0.,0.707106781186545));
#1613=DIRECTION('center_axis',(0.707106781186547,0.,-0.707106781186548));
#1614=DIRECTION('ref_axis',(0.707106781186548,0.,0.707106781186547));
#1615=DIRECTION('center_axis',(-0.707106781186547,0.,0.707106781186548));
#1616=DIRECTION('ref_axis',(0.707106781186548,0.,0.707106781186547));
#1617=DIRECTION('',(-0.707106781186546,0.,0.707106781186549));
#1618=DIRECTION('center_axis',(-0.707106781186549,5.9211894646675E-17,-0.707106781186546));
#1619=DIRECTION('ref_axis',(-4.18691322315674E-17,-1.,-4.18691322315673E-17));
#1620=DIRECTION('',(4.18691322315674E-17,1.,4.18691322315673E-17));
#1621=DIRECTION('',(-4.18691322315674E-17,-1.,-4.18691322315673E-17));
#1622=DIRECTION('center_axis',(0.707106781186547,0.,-0.707106781186549));
#1623=DIRECTION('ref_axis',(-0.707106781186548,0.,-0.707106781186546));
#1624=DIRECTION('center_axis',(0.707106781186547,0.,-0.707106781186549));
#1625=DIRECTION('ref_axis',(-0.707106781186548,0.,-0.707106781186546));
#1626=DIRECTION('axis',(0.,0.,1.));
#1627=DIRECTION('refdir',(1.,0.,0.));
#1628=DIRECTION('center_axis',(0.707106781186549,0.,0.707106781186546));
#1629=DIRECTION('ref_axis',(2.96059473233375E-16,1.,-4.0708177569589E-16));
#1630=DIRECTION('center_axis',(-0.707106781186548,2.77555756156289E-17,
-0.707106781186547));
#1631=DIRECTION('ref_axis',(-0.527046276694729,-0.666666666666668,0.52704627669473));
#1632=DIRECTION('',(0.707106781186549,0.,0.707106781186546));
#1633=DIRECTION('center_axis',(0.707106781186548,-2.77555756156289E-17,
0.707106781186547));
#1634=DIRECTION('ref_axis',(-0.527046276694729,-0.666666666666668,0.52704627669473));
#1635=DIRECTION('',(0.707106781186549,0.,0.707106781186546));
#1636=DIRECTION('center_axis',(0.707106781186546,-1.1842378929335E-16,-0.707106781186549));
#1637=DIRECTION('ref_axis',(8.37382644631346E-17,1.,-8.37382644631348E-17));
#1638=DIRECTION('',(-8.37382644631346E-17,-1.,8.37382644631348E-17));
#1639=DIRECTION('',(8.37382644631346E-17,1.,-8.37382644631348E-17));
#1640=DIRECTION('',(0.707106781186549,0.,0.707106781186546));
#1641=DIRECTION('center_axis',(0.707106781186549,0.,0.707106781186546));
#1642=DIRECTION('ref_axis',(0.707106781186546,0.,-0.707106781186549));
#1643=DIRECTION('center_axis',(-0.707106781186548,0.,-0.707106781186547));
#1644=DIRECTION('ref_axis',(0.707106781186547,0.,-0.707106781186548));
#1645=DIRECTION('center_axis',(0.707106781186548,0.,0.707106781186547));
#1646=DIRECTION('ref_axis',(0.707106781186547,0.,-0.707106781186548));
#1647=DIRECTION('',(0.707106781186549,0.,0.707106781186546));
#1648=DIRECTION('center_axis',(-0.707106781186546,5.9211894646675E-17,0.707106781186549));
#1649=DIRECTION('ref_axis',(-4.18691322315673E-17,-1.,4.18691322315674E-17));
#1650=DIRECTION('',(4.18691322315673E-17,1.,-4.18691322315674E-17));
#1651=DIRECTION('',(-4.18691322315673E-17,-1.,4.18691322315674E-17));
#1652=DIRECTION('center_axis',(-0.707106781186548,0.,-0.707106781186547));
#1653=DIRECTION('ref_axis',(-0.707106781186547,0.,0.707106781186548));
#1654=DIRECTION('center_axis',(-0.707106781186548,0.,-0.707106781186547));
#1655=DIRECTION('ref_axis',(-0.707106781186547,0.,0.707106781186548));
#1656=DIRECTION('axis',(0.,0.,1.));
#1657=DIRECTION('refdir',(1.,0.,0.));
#1658=DIRECTION('center_axis',(0.707106781186546,0.,-0.707106781186549));
#1659=DIRECTION('ref_axis',(-5.18104078158406E-16,1.,-2.77555756156289E-16));
#1660=DIRECTION('center_axis',(-0.707106781186547,2.77555756156289E-17,
0.707106781186548));
#1661=DIRECTION('ref_axis',(0.52704627669473,-0.666666666666668,0.527046276694729));
#1662=DIRECTION('',(0.707106781186546,0.,-0.707106781186549));
#1663=DIRECTION('center_axis',(0.707106781186547,-2.77555756156289E-17,
-0.707106781186548));
#1664=DIRECTION('ref_axis',(0.52704627669473,-0.666666666666668,0.527046276694729));
#1665=DIRECTION('',(0.707106781186546,0.,-0.707106781186549));
#1666=DIRECTION('center_axis',(-0.707106781186549,-1.1842378929335E-16,
-0.707106781186546));
#1667=DIRECTION('ref_axis',(-8.37382644631347E-17,1.,-8.37382644631346E-17));
#1668=DIRECTION('',(8.37382644631347E-17,-1.,8.37382644631346E-17));
#1669=DIRECTION('',(-8.37382644631347E-17,1.,-8.37382644631346E-17));
#1670=DIRECTION('',(0.707106781186546,0.,-0.707106781186549));
#1671=DIRECTION('center_axis',(0.707106781186546,0.,-0.707106781186549));
#1672=DIRECTION('ref_axis',(-0.707106781186549,0.,-0.707106781186546));
#1673=DIRECTION('center_axis',(-0.707106781186547,0.,0.707106781186548));
#1674=DIRECTION('ref_axis',(-0.707106781186548,0.,-0.707106781186547));
#1675=DIRECTION('center_axis',(0.707106781186547,0.,-0.707106781186548));
#1676=DIRECTION('ref_axis',(-0.707106781186548,0.,-0.707106781186547));
#1677=DIRECTION('',(0.707106781186546,0.,-0.707106781186549));
#1678=DIRECTION('center_axis',(0.707106781186549,5.9211894646675E-17,0.707106781186546));
#1679=DIRECTION('ref_axis',(4.18691322315674E-17,-1.,4.18691322315673E-17));
#1680=DIRECTION('',(-4.18691322315674E-17,1.,-4.18691322315673E-17));
#1681=DIRECTION('',(4.18691322315674E-17,-1.,4.18691322315673E-17));
#1682=DIRECTION('center_axis',(-0.707106781186547,0.,0.707106781186548));
#1683=DIRECTION('ref_axis',(0.707106781186548,0.,0.707106781186547));
#1684=DIRECTION('center_axis',(-0.707106781186547,0.,0.707106781186548));
#1685=DIRECTION('ref_axis',(0.707106781186548,0.,0.707106781186547));
#1686=DIRECTION('axis',(0.,0.,1.));
#1687=DIRECTION('refdir',(1.,0.,0.));
#1688=DIRECTION('center_axis',(0.707106781186547,0.,-0.707106781186548));
#1689=DIRECTION('ref_axis',(-0.707106781186548,0.,-0.707106781186547));
#1690=DIRECTION('center_axis',(0.707106781186546,0.,-0.707106781186549));
#1691=DIRECTION('ref_axis',(-0.707106781186549,0.,-0.707106781186546));
#1692=DIRECTION('',(-0.707106781186547,0.,0.707106781186548));
#1693=DIRECTION('center_axis',(0.707106781186546,0.,-0.707106781186549));
#1694=DIRECTION('ref_axis',(-0.707106781186549,0.,-0.707106781186546));
#1695=DIRECTION('center_axis',(0.707106781186547,0.,-0.707106781186549));
#1696=DIRECTION('ref_axis',(-0.707106781186548,0.,-0.707106781186546));
#1697=DIRECTION('center_axis',(0.707106781186547,0.,-0.707106781186549));
#1698=DIRECTION('ref_axis',(-0.707106781186548,0.,-0.707106781186546));
#1699=DIRECTION('axis',(0.,0.,1.));
#1700=DIRECTION('refdir',(1.,0.,0.));
#1701=DIRECTION('center_axis',(-0.707106781186548,0.,-0.707106781186547));
#1702=DIRECTION('ref_axis',(-0.707106781186547,0.,0.707106781186548));
#1703=DIRECTION('center_axis',(-0.707106781186548,0.,-0.707106781186547));
#1704=DIRECTION('ref_axis',(-0.707106781186547,0.,0.707106781186548));
#1705=DIRECTION('',(0.707106781186548,0.,0.707106781186547));
#1706=DIRECTION('center_axis',(-0.707106781186548,0.,-0.707106781186547));
#1707=DIRECTION('ref_axis',(-0.707106781186547,0.,0.707106781186548));
#1708=DIRECTION('center_axis',(-0.707106781186548,0.,-0.707106781186547));
#1709=DIRECTION('ref_axis',(-0.707106781186547,0.,0.707106781186548));
#1710=DIRECTION('center_axis',(-0.707106781186548,0.,-0.707106781186547));
#1711=DIRECTION('ref_axis',(-0.707106781186547,0.,0.707106781186548));
#1712=DIRECTION('axis',(0.,0.,1.));
#1713=DIRECTION('refdir',(1.,0.,0.));
#1714=DIRECTION('center_axis',(-0.707106781186547,0.,0.707106781186548));
#1715=DIRECTION('ref_axis',(0.707106781186548,0.,0.707106781186547));
#1716=DIRECTION('center_axis',(-0.707106781186547,0.,0.707106781186548));
#1717=DIRECTION('ref_axis',(0.707106781186548,0.,0.707106781186547));
#1718=DIRECTION('',(0.707106781186547,0.,-0.707106781186548));
#1719=DIRECTION('center_axis',(-0.707106781186547,0.,0.707106781186548));
#1720=DIRECTION('ref_axis',(0.707106781186548,0.,0.707106781186547));
#1721=DIRECTION('center_axis',(-0.707106781186547,0.,0.707106781186548));
#1722=DIRECTION('ref_axis',(0.707106781186548,0.,0.707106781186547));
#1723=DIRECTION('center_axis',(-0.707106781186547,0.,0.707106781186548));
#1724=DIRECTION('ref_axis',(0.707106781186548,0.,0.707106781186547));
#1725=DIRECTION('',(0.,0.,1.));
#1726=DIRECTION('',(1.,0.,0.));
#1727=DIRECTION('',(0.707106781186531,4.32324589649597E-17,0.707106781186564));
#1728=DIRECTION('',(0.707106781186564,4.32324589649592E-17,-0.707106781186531));
#1729=DIRECTION('',(0.707106781186551,0.669226615365227,-0.228332514738479));
#1730=DIRECTION('',(0.707106781186544,-0.669226615365225,0.228332514738507));
#1731=DIRECTION('',(0.707106781186525,0.646944887059349,0.285416035127318));
#1732=DIRECTION('',(0.70710678118657,-0.646944887059314,-0.285416035127283));
#1733=DIRECTION('',(-0.707106781186548,-1.73401838153315E-45,0.707106781186547));
#1734=DIRECTION('',(0.707106781186547,8.5829530939895E-45,0.707106781186548));
#1735=DIRECTION('',(0.707106781186547,4.64469209339238E-47,0.707106781186548));
#1736=DIRECTION('',(0.707106781186548,1.14950264651645E-45,-0.707106781186547));
#1737=DIRECTION('',(-0.707106781186548,0.,0.707106781186547));
#1738=DIRECTION('',(0.707106781186547,0.,0.707106781186548));
#1739=DIRECTION('',(-0.70710678118654,-0.7065803133476,0.0272811434807623));
#1740=DIRECTION('',(0.707106781186555,-0.706580313347585,0.0272811434807634));
#1741=DIRECTION('',(0.707106781186547,-0.0664303499749295,-0.703979409217492));
#1742=DIRECTION('',(0.707106781186548,0.0664303499749301,0.703979409217491));
#1743=DIRECTION('',(-0.707106781186613,-0.0629068952076026,-0.704303004775109));
#1744=DIRECTION('',(0.707106781186483,-0.0629068952076146,-0.704303004775239));
#1745=DIRECTION('',(-0.707106781186547,0.00184693248753939,0.70710436912834));
#1746=DIRECTION('',(0.707106781186548,0.00184693248755436,0.707104369128338));
#1747=DIRECTION('',(0.707106781186547,1.03037317601123E-16,0.707106781186548));
#1748=DIRECTION('',(0.707106781186548,-4.16333634234434E-17,-0.707106781186547));
#1749=DIRECTION('',(-0.707106781186605,0.288674082634304,0.645497694817853));
#1750=DIRECTION('',(0.70710678118649,0.288674082634391,0.64549769481794));
#1751=CARTESIAN_POINT('',(0.,0.,0.));
#1752=CARTESIAN_POINT('',(0.,0.,0.));
#1753=CARTESIAN_POINT('Origin',(-107.573593128807,0.,192.426406871193));
#1754=CARTESIAN_POINT('',(-107.573593128807,0.,192.426406871193));
#1755=CARTESIAN_POINT('',(107.573593128807,0.,192.426406871193));
#1756=CARTESIAN_POINT('',(-192.426406871193,0.,192.426406871193));
#1757=CARTESIAN_POINT('',(107.573593128807,80.,192.426406871193));
#1758=CARTESIAN_POINT('',(107.573593128807,0.,192.426406871193));
#1759=CARTESIAN_POINT('',(-107.573593128807,80.,192.426406871193));
#1760=CARTESIAN_POINT('',(-192.426406871193,80.,192.426406871193));
#1761=CARTESIAN_POINT('',(-107.573593128807,0.,192.426406871193));
#1762=CARTESIAN_POINT('Origin',(-150.,0.,150.));
#1763=CARTESIAN_POINT('',(-192.426406871193,0.,107.573593128807));
#1764=CARTESIAN_POINT('Origin',(-150.,0.,150.));
#1765=CARTESIAN_POINT('',(-192.426406871193,80.,107.573593128807));
#1766=CARTESIAN_POINT('Origin',(-150.,80.,150.));
#1767=CARTESIAN_POINT('',(-192.426406871193,0.,107.573593128807));
#1768=CARTESIAN_POINT('Origin',(-192.426406871193,0.,-107.573593128807));
#1769=CARTESIAN_POINT('',(-192.426406871193,0.,-107.573593128807));
#1770=CARTESIAN_POINT('',(-192.426406871193,0.,-192.426406871193));
#1771=CARTESIAN_POINT('',(-192.426406871193,80.,-107.573593128807));
#1772=CARTESIAN_POINT('',(-192.426406871193,80.,-192.426406871193));
#1773=CARTESIAN_POINT('',(-192.426406871193,0.,-107.573593128807));
#1774=CARTESIAN_POINT('Origin',(-150.,0.,-150.));
#1775=CARTESIAN_POINT('',(-107.573593128807,0.,-192.426406871193));
#1776=CARTESIAN_POINT('Origin',(-150.,0.,-150.));
#1777=CARTESIAN_POINT('',(-107.573593128807,80.,-192.426406871193));
#1778=CARTESIAN_POINT('Origin',(-150.,80.,-150.));
#1779=CARTESIAN_POINT('',(-107.573593128807,0.,-192.426406871193));
#1780=CARTESIAN_POINT('Origin',(107.573593128807,0.,-192.426406871193));
#1781=CARTESIAN_POINT('',(107.573593128807,0.,-192.426406871193));
#1782=CARTESIAN_POINT('',(192.426406871193,0.,-192.426406871193));
#1783=CARTESIAN_POINT('',(107.573593128807,80.,-192.426406871193));
#1784=CARTESIAN_POINT('',(192.426406871193,80.,-192.426406871193));
#1785=CARTESIAN_POINT('',(107.573593128807,0.,-192.426406871193));
#1786=CARTESIAN_POINT('Origin',(150.,0.,-150.));
#1787=CARTESIAN_POINT('',(192.426406871193,0.,-107.573593128807));
#1788=CARTESIAN_POINT('Origin',(150.,0.,-150.));
#1789=CARTESIAN_POINT('',(192.426406871193,80.,-107.573593128807));
#1790=CARTESIAN_POINT('Origin',(150.,80.,-150.));
#1791=CARTESIAN_POINT('',(192.426406871193,0.,-107.573593128807));
#1792=CARTESIAN_POINT('Origin',(192.426406871193,0.,107.573593128807));
#1793=CARTESIAN_POINT('',(192.426406871193,0.,107.573593128807));
#1794=CARTESIAN_POINT('',(192.426406871193,0.,192.426406871193));
#1795=CARTESIAN_POINT('',(192.426406871193,80.,107.573593128807));
#1796=CARTESIAN_POINT('',(192.426406871193,80.,192.426406871193));
#1797=CARTESIAN_POINT('',(192.426406871193,0.,107.573593128807));
#1798=CARTESIAN_POINT('Origin',(150.,0.,150.));
#1799=CARTESIAN_POINT('Origin',(150.,0.,150.));
#1800=CARTESIAN_POINT('Origin',(150.,80.,150.));
#1801=CARTESIAN_POINT('Origin',(-1.77635683940025E-14,80.,-3.5527136788005E-14));
#1802=CARTESIAN_POINT('Origin',(-1.77635683940025E-14,0.,-3.5527136788005E-14));
#1803=CARTESIAN_POINT('',(0.,0.,0.));
#1804=CARTESIAN_POINT('Origin',(210.147186257614,-45.,210.147186257614));
#1805=CARTESIAN_POINT('',(181.028288671597,-55.,196.839676972439));
#1806=CARTESIAN_POINT('',(169.25125707758,-55.,185.062645378422));
#1807=CARTESIAN_POINT('',(202.241492107193,-55.,218.052880408035));
#1808=CARTESIAN_POINT('',(196.839676972439,-55.,181.028288671597));
#1809=CARTESIAN_POINT('Origin',(188.933982822018,-45.,188.933982822018));
#1810=CARTESIAN_POINT('',(185.062645378421,-55.,169.25125707758));
#1811=CARTESIAN_POINT('',(218.052880408035,-55.,202.241492107193));
#1812=CARTESIAN_POINT('Ctrl Pts',(169.25125705952,-54.9999999778835,185.062645388337));
#1813=CARTESIAN_POINT('Ctrl Pts',(168.263128801259,-53.7899044435978,185.605180353879));
#1814=CARTESIAN_POINT('Ctrl Pts',(167.377548781144,-52.3385885930581,186.034815497895));
#1815=CARTESIAN_POINT('Ctrl Pts',(166.371920494964,-49.8437574196663,186.498325929609));
#1816=CARTESIAN_POINT('Ctrl Pts',(166.084687906422,-48.8793607186271,186.62411113105));
#1817=CARTESIAN_POINT('Ctrl Pts',(165.70543411849,-46.933625981056,186.788341093631));
#1818=CARTESIAN_POINT('Ctrl Pts',(165.613619486456,-45.9522508158564,186.826822922052));
#1819=CARTESIAN_POINT('Ctrl Pts',(165.613619486456,-44.0477491841436,186.826822922052));
#1820=CARTESIAN_POINT('Ctrl Pts',(165.70543411849,-43.066374018944,186.788341093631));
#1821=CARTESIAN_POINT('Ctrl Pts',(166.084687906422,-41.1206392813729,186.62411113105));
#1822=CARTESIAN_POINT('Ctrl Pts',(166.371920494964,-40.1562425803337,186.498325929609));
#1823=CARTESIAN_POINT('Ctrl Pts',(167.48719917497,-37.3893832386308,185.984275848128));
#1824=CARTESIAN_POINT('Ctrl Pts',(168.57997641274,-35.7153218734914,185.449458683963));
#1825=CARTESIAN_POINT('Ctrl Pts',(170.962671514647,-33.0724869782767,184.094620833944));
#1826=CARTESIAN_POINT('Ctrl Pts',(172.416841826705,-31.9208314701733,183.180757475323));
#1827=CARTESIAN_POINT('Ctrl Pts',(174.65921199258,-30.7682833227791,181.508611997335));
#1828=CARTESIAN_POINT('Ctrl Pts',(175.416936365371,-30.4762001484486,180.901957113117));
#1829=CARTESIAN_POINT('Ctrl Pts',(176.893073534703,-30.0920026819423,179.626241804859));
#1830=CARTESIAN_POINT('Ctrl Pts',(177.611443863004,-30.,178.957098631919));
#1831=CARTESIAN_POINT('Ctrl Pts',(178.957098631919,-30.,177.611443863004));
#1832=CARTESIAN_POINT('Ctrl Pts',(179.626241804859,-30.0920026819423,176.893073534703));
#1833=CARTESIAN_POINT('Ctrl Pts',(180.901957113117,-30.4762001484486,175.416936365371));
#1834=CARTESIAN_POINT('Ctrl Pts',(181.508611997335,-30.7682833227791,174.65921199258));
#1835=CARTESIAN_POINT('Ctrl Pts',(183.180757475323,-31.9208314701733,172.416841826705));
#1836=CARTESIAN_POINT('Ctrl Pts',(184.094620833944,-33.0724869782767,170.962671514647));
#1837=CARTESIAN_POINT('Ctrl Pts',(185.449458683963,-35.7153218734914,168.57997641274));
#1838=CARTESIAN_POINT('Ctrl Pts',(185.984275848128,-37.3893832386308,167.48719917497));
#1839=CARTESIAN_POINT('Ctrl Pts',(186.498325929609,-40.1562425803337,166.371920494964));
#1840=CARTESIAN_POINT('Ctrl Pts',(186.62411113105,-41.1206392813729,166.084687906422));
#1841=CARTESIAN_POINT('Ctrl Pts',(186.788341093631,-43.0663740189441,165.70543411849));
#1842=CARTESIAN_POINT('Ctrl Pts',(186.826822922052,-44.0477491841436,165.613619486456));
#1843=CARTESIAN_POINT('Ctrl Pts',(186.826822922052,-45.,165.613619486456));
#1844=CARTESIAN_POINT('Ctrl Pts',(186.826822922052,-45.9522508158564,165.613619486456));
#1845=CARTESIAN_POINT('Ctrl Pts',(186.788341093631,-46.9336259810559,165.70543411849));
#1846=CARTESIAN_POINT('Ctrl Pts',(186.62411113105,-48.8793607186271,166.084687906422));
#1847=CARTESIAN_POINT('Ctrl Pts',(186.498325929609,-49.8437574196663,166.371920494964));
#1848=CARTESIAN_POINT('Ctrl Pts',(186.034815497895,-52.338588593058,167.377548781144));
#1849=CARTESIAN_POINT('Ctrl Pts',(185.605180353879,-53.7899044435978,168.263128801259));
#1850=CARTESIAN_POINT('Ctrl Pts',(185.062645388337,-54.9999999778835,169.25125705952));
#1851=CARTESIAN_POINT('Origin',(196.005050633883,0.,181.862915010152));
#1852=CARTESIAN_POINT('',(192.469516727951,-55.,185.398448916085));
#1853=CARTESIAN_POINT('Origin',(163.60912703474,-55.,163.60912703474));
#1854=CARTESIAN_POINT('',(110.,-55.,150.));
#1855=CARTESIAN_POINT('Origin',(150.,-55.,150.));
#1856=CARTESIAN_POINT('Origin',(150.,-55.,150.));
#1857=CARTESIAN_POINT('Origin',(150.,0.,150.));
#1858=CARTESIAN_POINT('',(110.,0.,150.));
#1859=CARTESIAN_POINT('',(110.,0.,150.));
#1860=CARTESIAN_POINT('Origin',(150.,0.,150.));
#1861=CARTESIAN_POINT('Origin',(163.60912703474,0.,163.60912703474));
#1862=CARTESIAN_POINT('',(0.,0.,0.));
#1863=CARTESIAN_POINT('Origin',(196.005050633883,-45.,196.005050633883));
#1864=CARTESIAN_POINT('',(206.611652351681,-45.,185.398448916085));
#1865=CARTESIAN_POINT('',(185.398448916085,-45.,206.611652351681));
#1866=CARTESIAN_POINT('Origin',(196.005050633883,-45.,196.005050633883));
#1867=CARTESIAN_POINT('',(199.540584539816,-45.,178.32738110422));
#1868=CARTESIAN_POINT('',(206.611652351681,-45.,185.398448916085));
#1869=CARTESIAN_POINT('',(178.32738110422,-45.,199.540584539816));
#1870=CARTESIAN_POINT('Origin',(188.933982822018,-45.,188.933982822018));
#1871=CARTESIAN_POINT('',(185.398448916085,-45.,206.611652351681));
#1872=CARTESIAN_POINT('Origin',(185.398448916085,-120.,206.611652351681));
#1873=CARTESIAN_POINT('',(185.398448916085,-120.,206.611652351681));
#1874=CARTESIAN_POINT('',(185.398448916085,-45.,206.611652351681));
#1875=CARTESIAN_POINT('',(178.32738110422,-120.,199.540584539816));
#1876=CARTESIAN_POINT('',(178.327381104219,-45.,199.540584539816));
#1877=CARTESIAN_POINT('',(185.398448916085,-120.,206.611652351681));
#1878=CARTESIAN_POINT('Origin',(196.005050633883,-120.,196.005050633883));
#1879=CARTESIAN_POINT('',(206.611652351681,-120.,185.398448916085));
#1880=CARTESIAN_POINT('Origin',(196.005050633883,-120.,196.005050633883));
#1881=CARTESIAN_POINT('',(199.540584539816,-120.,178.32738110422));
#1882=CARTESIAN_POINT('Origin',(188.933982822018,-120.,188.933982822018));
#1883=CARTESIAN_POINT('',(206.611652351681,-120.,185.398448916085));
#1884=CARTESIAN_POINT('Origin',(206.611652351681,-45.,185.398448916085));
#1885=CARTESIAN_POINT('',(206.611652351681,-120.,185.398448916085));
#1886=CARTESIAN_POINT('',(199.540584539816,-120.,178.32738110422));
#1887=CARTESIAN_POINT('Origin',(196.005050633883,-82.5,196.005050633883));
#1888=CARTESIAN_POINT('Origin',(188.933982822018,-82.5,188.933982822018));
#1889=CARTESIAN_POINT('',(0.,0.,0.));
#1890=CARTESIAN_POINT('Origin',(196.005050633883,-120.,196.005050633883));
#1891=CARTESIAN_POINT('',(139.43650813896,-120.,280.857864376269));
#1892=CARTESIAN_POINT('Origin',(210.147186257614,-120.,210.147186257614));
#1893=CARTESIAN_POINT('',(125.294372515229,-120.,266.715728752538));
#1894=CARTESIAN_POINT('',(125.294372515229,-120.,266.715728752538));
#1895=CARTESIAN_POINT('Origin',(196.005050633883,-120.,196.005050633883));
#1896=CARTESIAN_POINT('Origin',(210.147186257614,-120.,210.147186257614));
#1897=CARTESIAN_POINT('Origin',(196.005050633883,-120.,196.005050633883));
#1898=CARTESIAN_POINT('',(0.,0.,0.));
#1899=CARTESIAN_POINT('Origin',(210.147186257614,-45.,-210.147186257614));
#1900=CARTESIAN_POINT('',(196.839676972439,-55.,-181.028288671597));
#1901=CARTESIAN_POINT('',(185.062645378421,-55.,-169.25125707758));
#1902=CARTESIAN_POINT('',(218.052880408035,-55.,-202.241492107193));
#1903=CARTESIAN_POINT('',(181.028288671597,-55.,-196.839676972439));
#1904=CARTESIAN_POINT('Origin',(188.933982822018,-45.,-188.933982822018));
#1905=CARTESIAN_POINT('',(169.25125707758,-55.,-185.062645378422));
#1906=CARTESIAN_POINT('',(202.241492107193,-55.,-218.052880408035));
#1907=CARTESIAN_POINT('Ctrl Pts',(185.062645388337,-54.9999999778835,-169.25125705952));
#1908=CARTESIAN_POINT('Ctrl Pts',(185.605180353879,-53.7899044435978,-168.263128801259));
#1909=CARTESIAN_POINT('Ctrl Pts',(186.034815497895,-52.3385885930581,-167.377548781144));
#1910=CARTESIAN_POINT('Ctrl Pts',(186.498325929609,-49.8437574196663,-166.371920494964));
#1911=CARTESIAN_POINT('Ctrl Pts',(186.62411113105,-48.8793607186271,-166.084687906422));
#1912=CARTESIAN_POINT('Ctrl Pts',(186.788341093631,-46.933625981056,-165.70543411849));
#1913=CARTESIAN_POINT('Ctrl Pts',(186.826822922052,-45.9522508158564,-165.613619486456));
#1914=CARTESIAN_POINT('Ctrl Pts',(186.826822922052,-44.0477491841436,-165.613619486456));
#1915=CARTESIAN_POINT('Ctrl Pts',(186.788341093631,-43.066374018944,-165.70543411849));
#1916=CARTESIAN_POINT('Ctrl Pts',(186.62411113105,-41.1206392813729,-166.084687906422));
#1917=CARTESIAN_POINT('Ctrl Pts',(186.498325929609,-40.1562425803337,-166.371920494964));
#1918=CARTESIAN_POINT('Ctrl Pts',(185.984275848128,-37.3893832386308,-167.48719917497));
#1919=CARTESIAN_POINT('Ctrl Pts',(185.449458683963,-35.7153218734914,-168.57997641274));
#1920=CARTESIAN_POINT('Ctrl Pts',(184.094620833944,-33.0724869782767,-170.962671514647));
#1921=CARTESIAN_POINT('Ctrl Pts',(183.180757475323,-31.9208314701733,-172.416841826705));
#1922=CARTESIAN_POINT('Ctrl Pts',(181.508611997335,-30.7682833227791,-174.65921199258));
#1923=CARTESIAN_POINT('Ctrl Pts',(180.901957113117,-30.4762001484486,-175.416936365371));
#1924=CARTESIAN_POINT('Ctrl Pts',(179.626241804859,-30.0920026819423,-176.893073534703));
#1925=CARTESIAN_POINT('Ctrl Pts',(178.957098631919,-30.,-177.611443863004));
#1926=CARTESIAN_POINT('Ctrl Pts',(177.611443863004,-30.,-178.95709863192));
#1927=CARTESIAN_POINT('Ctrl Pts',(176.893073534703,-30.0920026819423,-179.626241804859));
#1928=CARTESIAN_POINT('Ctrl Pts',(175.416936365371,-30.4762001484486,-180.901957113117));
#1929=CARTESIAN_POINT('Ctrl Pts',(174.65921199258,-30.7682833227791,-181.508611997335));
#1930=CARTESIAN_POINT('Ctrl Pts',(172.416841826705,-31.9208314701733,-183.180757475323));
#1931=CARTESIAN_POINT('Ctrl Pts',(170.962671514646,-33.0724869782767,-184.094620833944));
#1932=CARTESIAN_POINT('Ctrl Pts',(168.57997641274,-35.7153218734914,-185.449458683963));
#1933=CARTESIAN_POINT('Ctrl Pts',(167.48719917497,-37.3893832386308,-185.984275848128));
#1934=CARTESIAN_POINT('Ctrl Pts',(166.371920494964,-40.1562425803337,-186.498325929609));
#1935=CARTESIAN_POINT('Ctrl Pts',(166.084687906422,-41.1206392813729,-186.62411113105));
#1936=CARTESIAN_POINT('Ctrl Pts',(165.70543411849,-43.0663740189441,-186.788341093631));
#1937=CARTESIAN_POINT('Ctrl Pts',(165.613619486456,-44.0477491841436,-186.826822922052));
#1938=CARTESIAN_POINT('Ctrl Pts',(165.613619486456,-45.,-186.826822922052));
#1939=CARTESIAN_POINT('Ctrl Pts',(165.613619486456,-45.9522508158564,-186.826822922052));
#1940=CARTESIAN_POINT('Ctrl Pts',(165.70543411849,-46.9336259810559,-186.788341093631));
#1941=CARTESIAN_POINT('Ctrl Pts',(166.084687906422,-48.8793607186271,-186.62411113105));
#1942=CARTESIAN_POINT('Ctrl Pts',(166.371920494964,-49.8437574196663,-186.498325929609));
#1943=CARTESIAN_POINT('Ctrl Pts',(167.377548781144,-52.338588593058,-186.034815497895));
#1944=CARTESIAN_POINT('Ctrl Pts',(168.263128801259,-53.7899044435978,-185.605180353879));
#1945=CARTESIAN_POINT('Ctrl Pts',(169.25125705952,-54.9999999778835,-185.062645388337));
#1946=CARTESIAN_POINT('Origin',(181.862915010152,0.,-196.005050633883));
#1947=CARTESIAN_POINT('',(185.398448916085,-55.,-192.469516727951));
#1948=CARTESIAN_POINT('Origin',(163.60912703474,-55.,-163.60912703474));
#1949=CARTESIAN_POINT('',(150.,-55.,-110.));
#1950=CARTESIAN_POINT('Origin',(150.,-55.,-150.));
#1951=CARTESIAN_POINT('Origin',(150.,-55.,-150.));
#1952=CARTESIAN_POINT('Origin',(150.,0.,-150.));
#1953=CARTESIAN_POINT('',(150.,0.,-110.));
#1954=CARTESIAN_POINT('',(150.,0.,-110.));
#1955=CARTESIAN_POINT('Origin',(150.,0.,-150.));
#1956=CARTESIAN_POINT('Origin',(163.60912703474,0.,-163.60912703474));
#1957=CARTESIAN_POINT('',(0.,0.,0.));
#1958=CARTESIAN_POINT('Origin',(-210.147186257614,-45.,-210.147186257614));
#1959=CARTESIAN_POINT('',(-181.028288671597,-55.,-196.839676972439));
#1960=CARTESIAN_POINT('',(-169.25125707758,-55.,-185.062645378422));
#1961=CARTESIAN_POINT('',(-202.241492107193,-55.,-218.052880408035));
#1962=CARTESIAN_POINT('',(-196.839676972439,-55.,-181.028288671597));
#1963=CARTESIAN_POINT('Origin',(-188.933982822018,-45.,-188.933982822018));
#1964=CARTESIAN_POINT('',(-185.062645378421,-55.,-169.25125707758));
#1965=CARTESIAN_POINT('',(-218.052880408035,-55.,-202.241492107193));
#1966=CARTESIAN_POINT('Ctrl Pts',(-169.25125705952,-54.9999999778835,-185.062645388337));
#1967=CARTESIAN_POINT('Ctrl Pts',(-168.263128801259,-53.7899044435978,-185.605180353879));
#1968=CARTESIAN_POINT('Ctrl Pts',(-167.377548781144,-52.3385885930581,-186.034815497895));
#1969=CARTESIAN_POINT('Ctrl Pts',(-166.371920494964,-49.8437574196663,-186.498325929609));
#1970=CARTESIAN_POINT('Ctrl Pts',(-166.084687906422,-48.8793607186271,-186.62411113105));
#1971=CARTESIAN_POINT('Ctrl Pts',(-165.70543411849,-46.933625981056,-186.788341093631));
#1972=CARTESIAN_POINT('Ctrl Pts',(-165.613619486456,-45.9522508158564,-186.826822922052));
#1973=CARTESIAN_POINT('Ctrl Pts',(-165.613619486456,-44.0477491841436,-186.826822922052));
#1974=CARTESIAN_POINT('Ctrl Pts',(-165.70543411849,-43.066374018944,-186.788341093631));
#1975=CARTESIAN_POINT('Ctrl Pts',(-166.084687906422,-41.1206392813729,-186.62411113105));
#1976=CARTESIAN_POINT('Ctrl Pts',(-166.371920494964,-40.1562425803337,-186.498325929609));
#1977=CARTESIAN_POINT('Ctrl Pts',(-167.48719917497,-37.3893832386308,-185.984275848128));
#1978=CARTESIAN_POINT('Ctrl Pts',(-168.57997641274,-35.7153218734914,-185.449458683963));
#1979=CARTESIAN_POINT('Ctrl Pts',(-170.962671514646,-33.0724869782767,-184.094620833944));
#1980=CARTESIAN_POINT('Ctrl Pts',(-172.416841826705,-31.9208314701733,-183.180757475323));
#1981=CARTESIAN_POINT('Ctrl Pts',(-174.65921199258,-30.7682833227791,-181.508611997335));
#1982=CARTESIAN_POINT('Ctrl Pts',(-175.416936365371,-30.4762001484486,-180.901957113117));
#1983=CARTESIAN_POINT('Ctrl Pts',(-176.893073534703,-30.0920026819423,-179.626241804859));
#1984=CARTESIAN_POINT('Ctrl Pts',(-177.611443863004,-30.,-178.95709863192));
#1985=CARTESIAN_POINT('Ctrl Pts',(-178.957098631919,-30.,-177.611443863004));
#1986=CARTESIAN_POINT('Ctrl Pts',(-179.626241804859,-30.0920026819423,-176.893073534703));
#1987=CARTESIAN_POINT('Ctrl Pts',(-180.901957113117,-30.4762001484486,-175.416936365371));
#1988=CARTESIAN_POINT('Ctrl Pts',(-181.508611997335,-30.7682833227791,-174.65921199258));
#1989=CARTESIAN_POINT('Ctrl Pts',(-183.180757475323,-31.9208314701733,-172.416841826705));
#1990=CARTESIAN_POINT('Ctrl Pts',(-184.094620833944,-33.0724869782767,-170.962671514647));
#1991=CARTESIAN_POINT('Ctrl Pts',(-185.449458683963,-35.7153218734914,-168.57997641274));
#1992=CARTESIAN_POINT('Ctrl Pts',(-185.984275848128,-37.3893832386308,-167.48719917497));
#1993=CARTESIAN_POINT('Ctrl Pts',(-186.498325929609,-40.1562425803337,-166.371920494964));
#1994=CARTESIAN_POINT('Ctrl Pts',(-186.62411113105,-41.1206392813729,-166.084687906422));
#1995=CARTESIAN_POINT('Ctrl Pts',(-186.788341093631,-43.0663740189441,-165.70543411849));
#1996=CARTESIAN_POINT('Ctrl Pts',(-186.826822922052,-44.0477491841436,-165.613619486456));
#1997=CARTESIAN_POINT('Ctrl Pts',(-186.826822922052,-45.,-165.613619486456));
#1998=CARTESIAN_POINT('Ctrl Pts',(-186.826822922052,-45.9522508158564,-165.613619486456));
#1999=CARTESIAN_POINT('Ctrl Pts',(-186.788341093631,-46.9336259810559,-165.70543411849));
#2000=CARTESIAN_POINT('Ctrl Pts',(-186.62411113105,-48.8793607186271,-166.084687906422));
#2001=CARTESIAN_POINT('Ctrl Pts',(-186.498325929609,-49.8437574196663,-166.371920494964));
#2002=CARTESIAN_POINT('Ctrl Pts',(-186.034815497895,-52.338588593058,-167.377548781144));
#2003=CARTESIAN_POINT('Ctrl Pts',(-185.605180353879,-53.7899044435978,-168.263128801259));
#2004=CARTESIAN_POINT('Ctrl Pts',(-185.062645388337,-54.9999999778835,-169.25125705952));
#2005=CARTESIAN_POINT('Origin',(-196.005050633883,0.,-181.862915010152));
#2006=CARTESIAN_POINT('',(-192.469516727951,-55.,-185.398448916085));
#2007=CARTESIAN_POINT('Origin',(-163.60912703474,-55.,-163.60912703474));
#2008=CARTESIAN_POINT('',(-110.,-55.,-150.));
#2009=CARTESIAN_POINT('Origin',(-150.,-55.,-150.));
#2010=CARTESIAN_POINT('Origin',(-150.,-55.,-150.));
#2011=CARTESIAN_POINT('Origin',(-150.,0.,-150.));
#2012=CARTESIAN_POINT('',(-110.,0.,-150.));
#2013=CARTESIAN_POINT('',(-110.,0.,-150.));
#2014=CARTESIAN_POINT('Origin',(-150.,0.,-150.));
#2015=CARTESIAN_POINT('Origin',(-163.60912703474,0.,-163.60912703474));
#2016=CARTESIAN_POINT('',(0.,0.,0.));
#2017=CARTESIAN_POINT('Origin',(-210.147186257614,-45.,210.147186257614));
#2018=CARTESIAN_POINT('',(-196.839676972439,-55.,181.028288671597));
#2019=CARTESIAN_POINT('',(-185.062645378422,-55.,169.25125707758));
#2020=CARTESIAN_POINT('',(-218.052880408035,-55.,202.241492107193));
#2021=CARTESIAN_POINT('',(-181.028288671597,-55.,196.839676972439));
#2022=CARTESIAN_POINT('Origin',(-188.933982822018,-45.,188.933982822018));
#2023=CARTESIAN_POINT('',(-169.25125707758,-55.,185.062645378421));
#2024=CARTESIAN_POINT('',(-202.241492107193,-55.,218.052880408035));
#2025=CARTESIAN_POINT('Ctrl Pts',(-185.062645388337,-54.9999999778835,169.25125705952));
#2026=CARTESIAN_POINT('Ctrl Pts',(-185.605180353879,-53.7899044435978,168.263128801259));
#2027=CARTESIAN_POINT('Ctrl Pts',(-186.034815497895,-52.3385885930581,167.377548781144));
#2028=CARTESIAN_POINT('Ctrl Pts',(-186.498325929609,-49.8437574196663,166.371920494964));
#2029=CARTESIAN_POINT('Ctrl Pts',(-186.62411113105,-48.8793607186271,166.084687906422));
#2030=CARTESIAN_POINT('Ctrl Pts',(-186.788341093631,-46.933625981056,165.70543411849));
#2031=CARTESIAN_POINT('Ctrl Pts',(-186.826822922052,-45.9522508158564,165.613619486456));
#2032=CARTESIAN_POINT('Ctrl Pts',(-186.826822922052,-44.0477491841436,165.613619486456));
#2033=CARTESIAN_POINT('Ctrl Pts',(-186.788341093631,-43.066374018944,165.70543411849));
#2034=CARTESIAN_POINT('Ctrl Pts',(-186.62411113105,-41.1206392813729,166.084687906422));
#2035=CARTESIAN_POINT('Ctrl Pts',(-186.498325929609,-40.1562425803337,166.371920494964));
#2036=CARTESIAN_POINT('Ctrl Pts',(-185.984275848128,-37.3893832386308,167.48719917497));
#2037=CARTESIAN_POINT('Ctrl Pts',(-185.449458683963,-35.7153218734914,168.57997641274));
#2038=CARTESIAN_POINT('Ctrl Pts',(-184.094620833944,-33.0724869782767,170.962671514646));
#2039=CARTESIAN_POINT('Ctrl Pts',(-183.180757475323,-31.9208314701733,172.416841826705));
#2040=CARTESIAN_POINT('Ctrl Pts',(-181.508611997335,-30.7682833227791,174.65921199258));
#2041=CARTESIAN_POINT('Ctrl Pts',(-180.901957113117,-30.4762001484486,175.416936365371));
#2042=CARTESIAN_POINT('Ctrl Pts',(-179.626241804859,-30.0920026819423,176.893073534703));
#2043=CARTESIAN_POINT('Ctrl Pts',(-178.95709863192,-30.,177.611443863004));
#2044=CARTESIAN_POINT('Ctrl Pts',(-177.611443863004,-30.,178.957098631919));
#2045=CARTESIAN_POINT('Ctrl Pts',(-176.893073534703,-30.0920026819423,179.626241804859));
#2046=CARTESIAN_POINT('Ctrl Pts',(-175.416936365371,-30.4762001484486,180.901957113117));
#2047=CARTESIAN_POINT('Ctrl Pts',(-174.65921199258,-30.7682833227791,181.508611997335));
#2048=CARTESIAN_POINT('Ctrl Pts',(-172.416841826705,-31.9208314701733,183.180757475323));
#2049=CARTESIAN_POINT('Ctrl Pts',(-170.962671514647,-33.0724869782767,184.094620833944));
#2050=CARTESIAN_POINT('Ctrl Pts',(-168.57997641274,-35.7153218734914,185.449458683963));
#2051=CARTESIAN_POINT('Ctrl Pts',(-167.48719917497,-37.3893832386308,185.984275848128));
#2052=CARTESIAN_POINT('Ctrl Pts',(-166.371920494964,-40.1562425803337,186.498325929609));
#2053=CARTESIAN_POINT('Ctrl Pts',(-166.084687906422,-41.1206392813729,186.62411113105));
#2054=CARTESIAN_POINT('Ctrl Pts',(-165.70543411849,-43.0663740189441,186.788341093631));
#2055=CARTESIAN_POINT('Ctrl Pts',(-165.613619486456,-44.0477491841436,186.826822922052));
#2056=CARTESIAN_POINT('Ctrl Pts',(-165.613619486456,-45.,186.826822922052));
#2057=CARTESIAN_POINT('Ctrl Pts',(-165.613619486456,-45.9522508158564,186.826822922052));
#2058=CARTESIAN_POINT('Ctrl Pts',(-165.70543411849,-46.9336259810559,186.788341093631));
#2059=CARTESIAN_POINT('Ctrl Pts',(-166.084687906422,-48.8793607186271,186.62411113105));
#2060=CARTESIAN_POINT('Ctrl Pts',(-166.371920494964,-49.8437574196663,186.498325929609));
#2061=CARTESIAN_POINT('Ctrl Pts',(-167.377548781144,-52.338588593058,186.034815497895));
#2062=CARTESIAN_POINT('Ctrl Pts',(-168.263128801259,-53.7899044435978,185.605180353879));
#2063=CARTESIAN_POINT('Ctrl Pts',(-169.25125705952,-54.9999999778835,185.062645388337));
#2064=CARTESIAN_POINT('Origin',(-181.862915010152,0.,196.005050633883));
#2065=CARTESIAN_POINT('',(-185.398448916085,-55.,192.469516727951));
#2066=CARTESIAN_POINT('Origin',(-163.60912703474,-55.,163.60912703474));
#2067=CARTESIAN_POINT('',(-150.,-55.,110.));
#2068=CARTESIAN_POINT('Origin',(-150.,-55.,150.));
#2069=CARTESIAN_POINT('Origin',(-150.,-55.,150.));
#2070=CARTESIAN_POINT('Origin',(-150.,0.,150.));
#2071=CARTESIAN_POINT('',(-150.,0.,110.));
#2072=CARTESIAN_POINT('',(-150.,0.,110.));
#2073=CARTESIAN_POINT('Origin',(-150.,0.,150.));
#2074=CARTESIAN_POINT('Origin',(-163.60912703474,0.,163.60912703474));
#2075=CARTESIAN_POINT('',(0.,0.,0.));
#2076=CARTESIAN_POINT('Origin',(196.005050633883,-45.,-196.005050633883));
#2077=CARTESIAN_POINT('',(185.398448916085,-45.,-206.611652351681));
#2078=CARTESIAN_POINT('',(206.611652351681,-45.,-185.398448916085));
#2079=CARTESIAN_POINT('Origin',(196.005050633883,-45.,-196.005050633883));
#2080=CARTESIAN_POINT('',(178.32738110422,-45.,-199.540584539816));
#2081=CARTESIAN_POINT('',(185.398448916085,-45.,-206.611652351681));
#2082=CARTESIAN_POINT('',(199.540584539816,-45.,-178.32738110422));
#2083=CARTESIAN_POINT('Origin',(188.933982822018,-45.,-188.933982822018));
#2084=CARTESIAN_POINT('',(206.611652351681,-45.,-185.398448916085));
#2085=CARTESIAN_POINT('Origin',(206.611652351681,-120.,-185.398448916085));
#2086=CARTESIAN_POINT('',(206.611652351681,-120.,-185.398448916085));
#2087=CARTESIAN_POINT('',(206.611652351681,-45.,-185.398448916085));
#2088=CARTESIAN_POINT('',(199.540584539816,-120.,-178.32738110422));
#2089=CARTESIAN_POINT('',(199.540584539816,-45.,-178.32738110422));
#2090=CARTESIAN_POINT('',(206.611652351681,-120.,-185.398448916085));
#2091=CARTESIAN_POINT('Origin',(196.005050633883,-120.,-196.005050633883));
#2092=CARTESIAN_POINT('',(185.398448916085,-120.,-206.611652351681));
#2093=CARTESIAN_POINT('Origin',(196.005050633883,-120.,-196.005050633883));
#2094=CARTESIAN_POINT('',(178.32738110422,-120.,-199.540584539816));
#2095=CARTESIAN_POINT('Origin',(188.933982822018,-120.,-188.933982822018));
#2096=CARTESIAN_POINT('',(185.398448916085,-120.,-206.611652351681));
#2097=CARTESIAN_POINT('Origin',(185.398448916085,-45.,-206.611652351681));
#2098=CARTESIAN_POINT('',(185.398448916085,-120.,-206.611652351681));
#2099=CARTESIAN_POINT('',(178.327381104219,-120.,-199.540584539816));
#2100=CARTESIAN_POINT('Origin',(196.005050633883,-82.5,-196.005050633883));
#2101=CARTESIAN_POINT('Origin',(188.933982822018,-82.5,-188.933982822018));
#2102=CARTESIAN_POINT('',(0.,0.,0.));
#2103=CARTESIAN_POINT('Origin',(-196.005050633883,-45.,-196.005050633883));
#2104=CARTESIAN_POINT('',(-206.611652351681,-45.,-185.398448916085));
#2105=CARTESIAN_POINT('',(-185.398448916085,-45.,-206.611652351681));
#2106=CARTESIAN_POINT('Origin',(-196.005050633883,-45.,-196.005050633883));
#2107=CARTESIAN_POINT('',(-199.540584539816,-45.,-178.32738110422));
#2108=CARTESIAN_POINT('',(-206.611652351681,-45.,-185.398448916085));
#2109=CARTESIAN_POINT('',(-178.327381104219,-45.,-199.540584539816));
#2110=CARTESIAN_POINT('Origin',(-188.933982822018,-45.,-188.933982822018));
#2111=CARTESIAN_POINT('',(-185.398448916085,-45.,-206.611652351681));
#2112=CARTESIAN_POINT('Origin',(-185.398448916085,-120.,-206.611652351681));
#2113=CARTESIAN_POINT('',(-185.398448916085,-120.,-206.611652351681));
#2114=CARTESIAN_POINT('',(-185.398448916085,-45.,-206.611652351681));
#2115=CARTESIAN_POINT('',(-178.327381104219,-120.,-199.540584539816));
#2116=CARTESIAN_POINT('',(-178.327381104219,-45.,-199.540584539816));
#2117=CARTESIAN_POINT('',(-185.398448916085,-120.,-206.611652351681));
#2118=CARTESIAN_POINT('Origin',(-196.005050633883,-120.,-196.005050633883));
#2119=CARTESIAN_POINT('',(-206.611652351681,-120.,-185.398448916085));
#2120=CARTESIAN_POINT('Origin',(-196.005050633883,-120.,-196.005050633883));
#2121=CARTESIAN_POINT('',(-199.540584539816,-120.,-178.32738110422));
#2122=CARTESIAN_POINT('Origin',(-188.933982822018,-120.,-188.933982822018));
#2123=CARTESIAN_POINT('',(-206.611652351681,-120.,-185.398448916085));
#2124=CARTESIAN_POINT('Origin',(-206.611652351681,-45.,-185.398448916085));
#2125=CARTESIAN_POINT('',(-206.611652351681,-120.,-185.398448916085));
#2126=CARTESIAN_POINT('',(-199.540584539816,-120.,-178.32738110422));
#2127=CARTESIAN_POINT('Origin',(-196.005050633883,-82.5,-196.005050633883));
#2128=CARTESIAN_POINT('Origin',(-188.933982822018,-82.5,-188.933982822018));
#2129=CARTESIAN_POINT('',(0.,0.,0.));
#2130=CARTESIAN_POINT('Origin',(-196.005050633883,-45.,196.005050633883));
#2131=CARTESIAN_POINT('',(-185.398448916085,-45.,206.611652351681));
#2132=CARTESIAN_POINT('',(-206.611652351681,-45.,185.398448916085));
#2133=CARTESIAN_POINT('Origin',(-196.005050633883,-45.,196.005050633883));
#2134=CARTESIAN_POINT('',(-178.32738110422,-45.,199.540584539816));
#2135=CARTESIAN_POINT('',(-185.398448916085,-45.,206.611652351681));
#2136=CARTESIAN_POINT('',(-199.540584539816,-45.,178.327381104219));
#2137=CARTESIAN_POINT('Origin',(-188.933982822018,-45.,188.933982822018));
#2138=CARTESIAN_POINT('',(-206.611652351681,-45.,185.398448916085));
#2139=CARTESIAN_POINT('Origin',(-206.611652351681,-120.,185.398448916085));
#2140=CARTESIAN_POINT('',(-206.611652351681,-120.,185.398448916085));
#2141=CARTESIAN_POINT('',(-206.611652351681,-45.,185.398448916085));
#2142=CARTESIAN_POINT('',(-199.540584539816,-120.,178.327381104219));
#2143=CARTESIAN_POINT('',(-199.540584539816,-45.,178.327381104219));
#2144=CARTESIAN_POINT('',(-206.611652351681,-120.,185.398448916085));
#2145=CARTESIAN_POINT('Origin',(-196.005050633883,-120.,196.005050633883));
#2146=CARTESIAN_POINT('',(-185.398448916085,-120.,206.611652351681));
#2147=CARTESIAN_POINT('Origin',(-196.005050633883,-120.,196.005050633883));
#2148=CARTESIAN_POINT('',(-178.32738110422,-120.,199.540584539816));
#2149=CARTESIAN_POINT('Origin',(-188.933982822018,-120.,188.933982822018));
#2150=CARTESIAN_POINT('',(-185.398448916085,-120.,206.611652351681));
#2151=CARTESIAN_POINT('Origin',(-185.398448916085,-45.,206.611652351681));
#2152=CARTESIAN_POINT('',(-185.398448916085,-120.,206.611652351681));
#2153=CARTESIAN_POINT('',(-178.32738110422,-120.,199.540584539816));
#2154=CARTESIAN_POINT('Origin',(-196.005050633883,-82.5,196.005050633883));
#2155=CARTESIAN_POINT('Origin',(-188.933982822018,-82.5,188.933982822018));
#2156=CARTESIAN_POINT('',(0.,0.,0.));
#2157=CARTESIAN_POINT('Origin',(196.005050633883,-120.,-196.005050633883));
#2158=CARTESIAN_POINT('',(280.857864376269,-120.,-139.43650813896));
#2159=CARTESIAN_POINT('Origin',(210.147186257614,-120.,-210.147186257614));
#2160=CARTESIAN_POINT('',(266.715728752538,-120.,-125.294372515229));
#2161=CARTESIAN_POINT('',(266.715728752538,-120.,-125.294372515229));
#2162=CARTESIAN_POINT('Origin',(196.005050633883,-120.,-196.005050633883));
#2163=CARTESIAN_POINT('Origin',(210.147186257614,-120.,-210.147186257614));
#2164=CARTESIAN_POINT('Origin',(196.005050633883,-120.,-196.005050633883));
#2165=CARTESIAN_POINT('',(0.,0.,0.));
#2166=CARTESIAN_POINT('Origin',(-196.005050633883,-120.,-196.005050633883));
#2167=CARTESIAN_POINT('',(-139.436508138959,-120.,-280.857864376269));
#2168=CARTESIAN_POINT('Origin',(-210.147186257614,-120.,-210.147186257614));
#2169=CARTESIAN_POINT('',(-125.294372515228,-120.,-266.715728752538));
#2170=CARTESIAN_POINT('',(-125.294372515229,-120.,-266.715728752538));
#2171=CARTESIAN_POINT('Origin',(-196.005050633883,-120.,-196.005050633883));
#2172=CARTESIAN_POINT('Origin',(-210.147186257614,-120.,-210.147186257614));
#2173=CARTESIAN_POINT('Origin',(-196.005050633883,-120.,-196.005050633883));
#2174=CARTESIAN_POINT('',(0.,0.,0.));
#2175=CARTESIAN_POINT('Origin',(-196.005050633883,-120.,196.005050633883));
#2176=CARTESIAN_POINT('',(-280.857864376269,-120.,139.436508138959));
#2177=CARTESIAN_POINT('Origin',(-210.147186257614,-120.,210.147186257614));
#2178=CARTESIAN_POINT('',(-266.715728752538,-120.,125.294372515228));
#2179=CARTESIAN_POINT('',(-266.715728752538,-120.,125.294372515229));
#2180=CARTESIAN_POINT('Origin',(-196.005050633883,-120.,196.005050633883));
#2181=CARTESIAN_POINT('Origin',(-210.147186257614,-120.,210.147186257614));
#2182=CARTESIAN_POINT('Origin',(-196.005050633883,-120.,196.005050633883));
#2183=CARTESIAN_POINT('',(0.,0.,0.));
#2184=CARTESIAN_POINT('',(-62.1320343559641,-1.29697376894878E-14,149.999999999995));
#2185=CARTESIAN_POINT('',(-62.1320343559635,-59.5309922583279,107.410678991222));
#2186=CARTESIAN_POINT('',(-62.1320343559632,27.6550277660332,111.192013674827));
#2187=CARTESIAN_POINT('',(-62.1320343559643,-2.53772839144971E-42,-150.));
#2188=CARTESIAN_POINT('',(62.1320343559642,3.43208647317055E-43,-150.));
#2189=CARTESIAN_POINT('',(62.1320343559643,0.,150.));
#2190=CARTESIAN_POINT('',(-62.1320343559642,-43.2638386601609,-105.033504208111));
#2191=CARTESIAN_POINT('',(62.1320343559641,-89.8009752666049,-145.772398415052));
#2192=CARTESIAN_POINT('',(62.1320343559402,-89.8215687617929,154.003370296622));
#2193=CARTESIAN_POINT('',(-62.1320343559654,72.105988427082,-225.257594489871));
#2194=CARTESIAN_POINT('',(62.1320343559641,149.668292111008,-157.04600264158));
#2195=CARTESIAN_POINT('',(62.132034355944,139.247205942046,94.3380998402422));
#2196=UNCERTAINTY_MEASURE_WITH_UNIT(LENGTH_MEASURE(0.01),#2226,
'DISTANCE_ACCURACY_VALUE',
'Maximum model space distance between geometric entities at asserted c
onnectivities');
#2197=UNCERTAINTY_MEASURE_WITH_UNIT(LENGTH_MEASURE(0.01),#2226,
'DISTANCE_ACCURACY_VALUE',
'Maximum model space distance between geometric entities at asserted c
onnectivities');
#2198=UNCERTAINTY_MEASURE_WITH_UNIT(LENGTH_MEASURE(0.01),#2226,
'DISTANCE_ACCURACY_VALUE',
'Maximum model space distance between geometric entities at asserted c
onnectivities');
#2199=UNCERTAINTY_MEASURE_WITH_UNIT(LENGTH_MEASURE(0.01),#2226,
'DISTANCE_ACCURACY_VALUE',
'Maximum model space distance between geometric entities at asserted c
onnectivities');
#2200=UNCERTAINTY_MEASURE_WITH_UNIT(LENGTH_MEASURE(0.01),#2226,
'DISTANCE_ACCURACY_VALUE',
'Maximum model space distance between geometric entities at asserted c
onnectivities');
#2201=UNCERTAINTY_MEASURE_WITH_UNIT(LENGTH_MEASURE(0.01),#2226,
'DISTANCE_ACCURACY_VALUE',
'Maximum model space distance between geometric entities at asserted c
onnectivities');
#2202=UNCERTAINTY_MEASURE_WITH_UNIT(LENGTH_MEASURE(0.01),#2226,
'DISTANCE_ACCURACY_VALUE',
'Maximum model space distance between geometric entities at asserted c
onnectivities');
#2203=UNCERTAINTY_MEASURE_WITH_UNIT(LENGTH_MEASURE(0.01),#2226,
'DISTANCE_ACCURACY_VALUE',
'Maximum model space distance between geometric entities at asserted c
onnectivities');
#2204=UNCERTAINTY_MEASURE_WITH_UNIT(LENGTH_MEASURE(0.01),#2226,
'DISTANCE_ACCURACY_VALUE',
'Maximum model space distance between geometric entities at asserted c
onnectivities');
#2205=UNCERTAINTY_MEASURE_WITH_UNIT(LENGTH_MEASURE(0.01),#2226,
'DISTANCE_ACCURACY_VALUE',
'Maximum model space distance between geometric entities at asserted c
onnectivities');
#2206=UNCERTAINTY_MEASURE_WITH_UNIT(LENGTH_MEASURE(0.01),#2226,
'DISTANCE_ACCURACY_VALUE',
'Maximum model space distance between geometric entities at asserted c
onnectivities');
#2207=UNCERTAINTY_MEASURE_WITH_UNIT(LENGTH_MEASURE(0.01),#2226,
'DISTANCE_ACCURACY_VALUE',
'Maximum model space distance between geometric entities at asserted c
onnectivities');
#2208=UNCERTAINTY_MEASURE_WITH_UNIT(LENGTH_MEASURE(0.01),#2226,
'DISTANCE_ACCURACY_VALUE',
'Maximum model space distance between geometric entities at asserted c
onnectivities');
#2209=UNCERTAINTY_MEASURE_WITH_UNIT(LENGTH_MEASURE(0.01),#2226,
'DISTANCE_ACCURACY_VALUE',
'Maximum model space distance between geometric entities at asserted c
onnectivities');
#2210=UNCERTAINTY_MEASURE_WITH_UNIT(LENGTH_MEASURE(0.01),#2226,
'DISTANCE_ACCURACY_VALUE',
'Maximum model space distance between geometric entities at asserted c
onnectivities');
#2211=(
GEOMETRIC_REPRESENTATION_CONTEXT(3)
GLOBAL_UNCERTAINTY_ASSIGNED_CONTEXT((#2196))
GLOBAL_UNIT_ASSIGNED_CONTEXT((#2226,#2228,#2229))
REPRESENTATION_CONTEXT('','3D')
);
#2212=(
GEOMETRIC_REPRESENTATION_CONTEXT(3)
GLOBAL_UNCERTAINTY_ASSIGNED_CONTEXT((#2197))
GLOBAL_UNIT_ASSIGNED_CONTEXT((#2226,#2228,#2229))
REPRESENTATION_CONTEXT('','3D')
);
#2213=(
GEOMETRIC_REPRESENTATION_CONTEXT(3)
GLOBAL_UNCERTAINTY_ASSIGNED_CONTEXT((#2198))
GLOBAL_UNIT_ASSIGNED_CONTEXT((#2226,#2228,#2229))
REPRESENTATION_CONTEXT('','3D')
);
#2214=(
GEOMETRIC_REPRESENTATION_CONTEXT(3)
GLOBAL_UNCERTAINTY_ASSIGNED_CONTEXT((#2199))
GLOBAL_UNIT_ASSIGNED_CONTEXT((#2226,#2228,#2229))
REPRESENTATION_CONTEXT('','3D')
);
#2215=(
GEOMETRIC_REPRESENTATION_CONTEXT(3)
GLOBAL_UNCERTAINTY_ASSIGNED_CONTEXT((#2200))
GLOBAL_UNIT_ASSIGNED_CONTEXT((#2226,#2228,#2229))
REPRESENTATION_CONTEXT('','3D')
);
#2216=(
GEOMETRIC_REPRESENTATION_CONTEXT(3)
GLOBAL_UNCERTAINTY_ASSIGNED_CONTEXT((#2201))
GLOBAL_UNIT_ASSIGNED_CONTEXT((#2226,#2228,#2229))
REPRESENTATION_CONTEXT('','3D')
);
#2217=(
GEOMETRIC_REPRESENTATION_CONTEXT(3)
GLOBAL_UNCERTAINTY_ASSIGNED_CONTEXT((#2202))
GLOBAL_UNIT_ASSIGNED_CONTEXT((#2226,#2228,#2229))
REPRESENTATION_CONTEXT('','3D')
);
#2218=(
GEOMETRIC_REPRESENTATION_CONTEXT(3)
GLOBAL_UNCERTAINTY_ASSIGNED_CONTEXT((#2203))
GLOBAL_UNIT_ASSIGNED_CONTEXT((#2226,#2228,#2229))
REPRESENTATION_CONTEXT('','3D')
);
#2219=(
GEOMETRIC_REPRESENTATION_CONTEXT(3)
GLOBAL_UNCERTAINTY_ASSIGNED_CONTEXT((#2204))
GLOBAL_UNIT_ASSIGNED_CONTEXT((#2226,#2228,#2229))
REPRESENTATION_CONTEXT('','3D')
);
#2220=(
GEOMETRIC_REPRESENTATION_CONTEXT(3)
GLOBAL_UNCERTAINTY_ASSIGNED_CONTEXT((#2205))
GLOBAL_UNIT_ASSIGNED_CONTEXT((#2226,#2228,#2229))
REPRESENTATION_CONTEXT('','3D')
);
#2221=(
GEOMETRIC_REPRESENTATION_CONTEXT(3)
GLOBAL_UNCERTAINTY_ASSIGNED_CONTEXT((#2206))
GLOBAL_UNIT_ASSIGNED_CONTEXT((#2226,#2228,#2229))
REPRESENTATION_CONTEXT('','3D')
);
#2222=(
GEOMETRIC_REPRESENTATION_CONTEXT(3)
GLOBAL_UNCERTAINTY_ASSIGNED_CONTEXT((#2207))
GLOBAL_UNIT_ASSIGNED_CONTEXT((#2226,#2228,#2229))
REPRESENTATION_CONTEXT('','3D')
);
#2223=(
GEOMETRIC_REPRESENTATION_CONTEXT(3)
GLOBAL_UNCERTAINTY_ASSIGNED_CONTEXT((#2208))
GLOBAL_UNIT_ASSIGNED_CONTEXT((#2226,#2228,#2229))
REPRESENTATION_CONTEXT('','3D')
);
#2224=(
GEOMETRIC_REPRESENTATION_CONTEXT(3)
GLOBAL_UNCERTAINTY_ASSIGNED_CONTEXT((#2209))
GLOBAL_UNIT_ASSIGNED_CONTEXT((#2226,#2228,#2229))
REPRESENTATION_CONTEXT('','3D')
);
#2225=(
GEOMETRIC_REPRESENTATION_CONTEXT(3)
GLOBAL_UNCERTAINTY_ASSIGNED_CONTEXT((#2210))
GLOBAL_UNIT_ASSIGNED_CONTEXT((#2226,#2228,#2229))
REPRESENTATION_CONTEXT('','3D')
);
#2226=(
LENGTH_UNIT()
NAMED_UNIT(*)
SI_UNIT(.MILLI.,.METRE.)
);
#2227=(
LENGTH_UNIT()
NAMED_UNIT(*)
SI_UNIT(.CENTI.,.METRE.)
);
#2228=(
NAMED_UNIT(*)
PLANE_ANGLE_UNIT()
SI_UNIT($,.RADIAN.)
);
#2229=(
NAMED_UNIT(*)
SI_UNIT($,.STERADIAN.)
SOLID_ANGLE_UNIT()
);
#2230=SHAPE_DEFINITION_REPRESENTATION(#2244,#2271);
#2231=SHAPE_DEFINITION_REPRESENTATION(#2245,#2272);
#2232=SHAPE_DEFINITION_REPRESENTATION(#2246,#2273);
#2233=SHAPE_DEFINITION_REPRESENTATION(#2247,#2274);
#2234=SHAPE_DEFINITION_REPRESENTATION(#2248,#2275);
#2235=SHAPE_DEFINITION_REPRESENTATION(#2249,#2276);
#2236=SHAPE_DEFINITION_REPRESENTATION(#2250,#2277);
#2237=SHAPE_DEFINITION_REPRESENTATION(#2251,#2278);
#2238=SHAPE_DEFINITION_REPRESENTATION(#2252,#2279);
#2239=SHAPE_DEFINITION_REPRESENTATION(#2253,#2280);
#2240=SHAPE_DEFINITION_REPRESENTATION(#2254,#2281);
#2241=SHAPE_DEFINITION_REPRESENTATION(#2255,#2282);
#2242=SHAPE_DEFINITION_REPRESENTATION(#2256,#2283);
#2243=SHAPE_DEFINITION_REPRESENTATION(#2257,#2284);
#2244=PRODUCT_DEFINITION_SHAPE('',$,#2286);
#2245=PRODUCT_DEFINITION_SHAPE('',$,#2287);
#2246=PRODUCT_DEFINITION_SHAPE('',$,#2288);
#2247=PRODUCT_DEFINITION_SHAPE('',$,#2289);
#2248=PRODUCT_DEFINITION_SHAPE('',$,#2290);
#2249=PRODUCT_DEFINITION_SHAPE('',$,#2291);
#2250=PRODUCT_DEFINITION_SHAPE('',$,#2292);
#2251=PRODUCT_DEFINITION_SHAPE('',$,#2293);
#2252=PRODUCT_DEFINITION_SHAPE('',$,#2294);
#2253=PRODUCT_DEFINITION_SHAPE('',$,#2295);
#2254=PRODUCT_DEFINITION_SHAPE('',$,#2296);
#2255=PRODUCT_DEFINITION_SHAPE('',$,#2297);
#2256=PRODUCT_DEFINITION_SHAPE('',$,#2298);
#2257=PRODUCT_DEFINITION_SHAPE('',$,#2299);
#2258=PRODUCT_DEFINITION_SHAPE($,$,#50);
#2259=PRODUCT_DEFINITION_SHAPE($,$,#51);
#2260=PRODUCT_DEFINITION_SHAPE($,$,#52);
#2261=PRODUCT_DEFINITION_SHAPE($,$,#53);
#2262=PRODUCT_DEFINITION_SHAPE($,$,#54);
#2263=PRODUCT_DEFINITION_SHAPE($,$,#55);
#2264=PRODUCT_DEFINITION_SHAPE($,$,#56);
#2265=PRODUCT_DEFINITION_SHAPE($,$,#57);
#2266=PRODUCT_DEFINITION_SHAPE($,$,#58);
#2267=PRODUCT_DEFINITION_SHAPE($,$,#59);
#2268=PRODUCT_DEFINITION_SHAPE($,$,#60);
#2269=PRODUCT_DEFINITION_SHAPE($,$,#61);
#2270=PRODUCT_DEFINITION_SHAPE($,$,#62);
#2271=SHAPE_REPRESENTATION('',(#1260,#1388,#1389,#1390,#1391,#1392,#1393,
#1394,#1395,#1396,#1397,#1398,#1399,#1400),#2211);
#2272=SHAPE_REPRESENTATION('',(#1261),#2212);
#2273=SHAPE_REPRESENTATION('',(#1280),#2213);
#2274=SHAPE_REPRESENTATION('',(#1290),#2214);
#2275=SHAPE_REPRESENTATION('',(#1301),#2215);
#2276=SHAPE_REPRESENTATION('',(#1307),#2216);
#2277=SHAPE_REPRESENTATION('',(#1317),#2217);
#2278=SHAPE_REPRESENTATION('',(#1327),#2218);
#2279=SHAPE_REPRESENTATION('',(#1337),#2219);
#2280=SHAPE_REPRESENTATION('',(#1348),#2220);
#2281=SHAPE_REPRESENTATION('',(#1359),#2221);
#2282=SHAPE_REPRESENTATION('',(#1370),#2222);
#2283=SHAPE_REPRESENTATION('',(#1376),#2223);
#2284=SHAPE_REPRESENTATION('',(#1382),#2224);
#2285=PRODUCT_DEFINITION_CONTEXT('part definition',#2329,'design');
#2286=PRODUCT_DEFINITION('\X2\4EFF771F6A21578B\X0\','\X2\4EFF771F6A21578B\X0\',
#2300,#2285);
#2287=PRODUCT_DEFINITION('\X2\5B9E4F53\X0\1','\X2\5B9E4F53\X0\1',#2301,
#2285);
#2288=PRODUCT_DEFINITION('\X2\5B9E4F53\X0\2','\X2\5B9E4F53\X0\2',#2302,
#2285);
#2289=PRODUCT_DEFINITION('\X2\5B9E4F53\X0\3','\X2\5B9E4F53\X0\3',#2303,
#2285);
#2290=PRODUCT_DEFINITION('\X2\5B9E4F53\X0\4','\X2\5B9E4F53\X0\4',#2304,
#2285);
#2291=PRODUCT_DEFINITION('\X2\5B9E4F53\X0\5','\X2\5B9E4F53\X0\5',#2305,
#2285);
#2292=PRODUCT_DEFINITION('\X2\5B9E4F53\X0\8','\X2\5B9E4F53\X0\8',#2306,
#2285);
#2293=PRODUCT_DEFINITION('\X2\5B9E4F53\X0\11','\X2\5B9E4F53\X0\11',#2307,
#2285);
#2294=PRODUCT_DEFINITION('\X2\5B9E4F53\X0\6','\X2\5B9E4F53\X0\6',#2308,
#2285);
#2295=PRODUCT_DEFINITION('\X2\5B9E4F53\X0\9','\X2\5B9E4F53\X0\9',#2309,
#2285);
#2296=PRODUCT_DEFINITION('\X2\5B9E4F53\X0\12','\X2\5B9E4F53\X0\12',#2310,
#2285);
#2297=PRODUCT_DEFINITION('\X2\5B9E4F53\X0\7','\X2\5B9E4F53\X0\7',#2311,
#2285);
#2298=PRODUCT_DEFINITION('\X2\5B9E4F53\X0\10','\X2\5B9E4F53\X0\10',#2312,
#2285);
#2299=PRODUCT_DEFINITION('\X2\5B9E4F53\X0\13','\X2\5B9E4F53\X0\13',#2313,
#2285);
#2300=PRODUCT_DEFINITION_FORMATION('',$,#2331);
#2301=PRODUCT_DEFINITION_FORMATION('',$,#2332);
#2302=PRODUCT_DEFINITION_FORMATION('',$,#2333);
#2303=PRODUCT_DEFINITION_FORMATION('',$,#2334);
#2304=PRODUCT_DEFINITION_FORMATION('',$,#2335);
#2305=PRODUCT_DEFINITION_FORMATION('',$,#2336);
#2306=PRODUCT_DEFINITION_FORMATION('',$,#2337);
#2307=PRODUCT_DEFINITION_FORMATION('',$,#2338);
#2308=PRODUCT_DEFINITION_FORMATION('',$,#2339);
#2309=PRODUCT_DEFINITION_FORMATION('',$,#2340);
#2310=PRODUCT_DEFINITION_FORMATION('',$,#2341);
#2311=PRODUCT_DEFINITION_FORMATION('',$,#2342);
#2312=PRODUCT_DEFINITION_FORMATION('',$,#2343);
#2313=PRODUCT_DEFINITION_FORMATION('',$,#2344);
#2314=PRODUCT_RELATED_PRODUCT_CATEGORY('\X2\4EFF771F6A21578B\X0\',
'\X2\4EFF771F6A21578B\X0\',(#2331));
#2315=PRODUCT_RELATED_PRODUCT_CATEGORY('\X2\5B9E4F53\X0\1','\X2\5B9E4F53\X0\1',
(#2332));
#2316=PRODUCT_RELATED_PRODUCT_CATEGORY('\X2\5B9E4F53\X0\2','\X2\5B9E4F53\X0\2',
(#2333));
#2317=PRODUCT_RELATED_PRODUCT_CATEGORY('\X2\5B9E4F53\X0\3','\X2\5B9E4F53\X0\3',
(#2334));
#2318=PRODUCT_RELATED_PRODUCT_CATEGORY('\X2\5B9E4F53\X0\4','\X2\5B9E4F53\X0\4',
(#2335));
#2319=PRODUCT_RELATED_PRODUCT_CATEGORY('\X2\5B9E4F53\X0\5','\X2\5B9E4F53\X0\5',
(#2336));
#2320=PRODUCT_RELATED_PRODUCT_CATEGORY('\X2\5B9E4F53\X0\8','\X2\5B9E4F53\X0\8',
(#2337));
#2321=PRODUCT_RELATED_PRODUCT_CATEGORY('\X2\5B9E4F53\X0\11','\X2\5B9E4F53\X0\1
1',(#2338));
#2322=PRODUCT_RELATED_PRODUCT_CATEGORY('\X2\5B9E4F53\X0\6','\X2\5B9E4F53\X0\6',
(#2339));
#2323=PRODUCT_RELATED_PRODUCT_CATEGORY('\X2\5B9E4F53\X0\9','\X2\5B9E4F53\X0\9',
(#2340));
#2324=PRODUCT_RELATED_PRODUCT_CATEGORY('\X2\5B9E4F53\X0\12','\X2\5B9E4F53\X0\1
2',(#2341));
#2325=PRODUCT_RELATED_PRODUCT_CATEGORY('\X2\5B9E4F53\X0\7','\X2\5B9E4F53\X0\7',
(#2342));
#2326=PRODUCT_RELATED_PRODUCT_CATEGORY('\X2\5B9E4F53\X0\10','\X2\5B9E4F53\X0\1
0',(#2343));
#2327=PRODUCT_RELATED_PRODUCT_CATEGORY('\X2\5B9E4F53\X0\13','\X2\5B9E4F53\X0\1
3',(#2344));
#2328=APPLICATION_PROTOCOL_DEFINITION('international standard',
'automotive_design',2009,#2329);
#2329=APPLICATION_CONTEXT(
'Core Data for Automotive Mechanical Design Process');
#2330=PRODUCT_CONTEXT('part definition',#2329,'mechanical');
#2331=PRODUCT('\X2\4EFF771F6A21578B\X0\','\X2\4EFF771F6A21578B\X0\',$,(#2330));
#2332=PRODUCT('\X2\5B9E4F53\X0\1','\X2\5B9E4F53\X0\1',$,(#2330));
#2333=PRODUCT('\X2\5B9E4F53\X0\2','\X2\5B9E4F53\X0\2',$,(#2330));
#2334=PRODUCT('\X2\5B9E4F53\X0\3','\X2\5B9E4F53\X0\3',$,(#2330));
#2335=PRODUCT('\X2\5B9E4F53\X0\4','\X2\5B9E4F53\X0\4',$,(#2330));
#2336=PRODUCT('\X2\5B9E4F53\X0\5','\X2\5B9E4F53\X0\5',$,(#2330));
#2337=PRODUCT('\X2\5B9E4F53\X0\8','\X2\5B9E4F53\X0\8',$,(#2330));
#2338=PRODUCT('\X2\5B9E4F53\X0\11','\X2\5B9E4F53\X0\11',$,(#2330));
#2339=PRODUCT('\X2\5B9E4F53\X0\6','\X2\5B9E4F53\X0\6',$,(#2330));
#2340=PRODUCT('\X2\5B9E4F53\X0\9','\X2\5B9E4F53\X0\9',$,(#2330));
#2341=PRODUCT('\X2\5B9E4F53\X0\12','\X2\5B9E4F53\X0\12',$,(#2330));
#2342=PRODUCT('\X2\5B9E4F53\X0\7','\X2\5B9E4F53\X0\7',$,(#2330));
#2343=PRODUCT('\X2\5B9E4F53\X0\10','\X2\5B9E4F53\X0\10',$,(#2330));
#2344=PRODUCT('\X2\5B9E4F53\X0\13','\X2\5B9E4F53\X0\13',$,(#2330));
ENDSEC;
END-ISO-10303-21;
